0 verbose cli /usr/local/bin/node /usr/local/bin/npm
1 info using npm@10.7.0
2 info using node@v20.14.0
3 silly config:load:file:/usr/local/lib/node_modules/npm/npmrc
4 silly config:load:file:/Users/kousei/antigravity/test1/tournament-manager/.npmrc
5 silly config:load:file:/Users/kousei/.npmrc
6 silly config:load:file:/Users/kousei/.npm-global/etc/npmrc
7 verbose title npm install prisma
8 verbose argv "install" "prisma" "--cache" "./_npmcache"
9 verbose logfile logs-max:10 dir:/Users/kousei/antigravity/test1/tournament-manager/_prisma_temp/_npmcache/_logs/2026-02-26T21_20_05_896Z-
10 verbose logfile /Users/kousei/antigravity/test1/tournament-manager/_prisma_temp/_npmcache/_logs/2026-02-26T21_20_05_896Z-debug-0.log
11 silly logfile done cleaning log files
12 silly idealTree buildDeps
13 silly fetch manifest prisma@^6.1.0
14 verbose shrinkwrap failed to load node_modules/.package-lock.json EPERM: operation not permitted, stat '/Users/kousei/antigravity/test1/tournament-manager/node_modules'
15 http fetch GET 200 https://registry.npmjs.org/prisma 794ms (cache miss)
16 silly fetch manifest typescript@^5
17 http fetch GET 200 https://registry.npmjs.org/typescript 255ms (cache miss)
18 silly placeDep ROOT prisma@6.19.2 REPLACE for: tournament-manager@0.1.0 want: ^6.1.0
19 silly reify moves {}
20 silly audit bulk request {
20 silly audit   '@adobe/css-tools': [ '4.4.4' ],
20 silly audit   '@alloc/quick-lru': [ '5.2.0' ],
20 silly audit   '@babel/code-frame': [ '7.27.1' ],
20 silly audit   '@babel/compat-data': [ '7.28.5' ],
20 silly audit   '@babel/core': [ '7.28.5' ],
20 silly audit   '@babel/generator': [ '7.28.5' ],
20 silly audit   '@babel/helper-compilation-targets': [ '7.27.2' ],
20 silly audit   '@babel/helper-globals': [ '7.28.0' ],
20 silly audit   '@babel/helper-module-imports': [ '7.27.1' ],
20 silly audit   '@babel/helper-module-transforms': [ '7.28.3' ],
20 silly audit   '@babel/helper-plugin-utils': [ '7.28.6' ],
20 silly audit   '@babel/helper-string-parser': [ '7.27.1' ],
20 silly audit   '@babel/helper-validator-identifier': [ '7.28.5' ],
20 silly audit   '@babel/helper-validator-option': [ '7.27.1' ],
20 silly audit   '@babel/helpers': [ '7.28.4' ],
20 silly audit   '@babel/parser': [ '7.28.5' ],
20 silly audit   '@babel/plugin-syntax-async-generators': [ '7.8.4' ],
20 silly audit   '@babel/plugin-syntax-bigint': [ '7.8.3' ],
20 silly audit   '@babel/plugin-syntax-class-properties': [ '7.12.13' ],
20 silly audit   '@babel/plugin-syntax-class-static-block': [ '7.14.5' ],
20 silly audit   '@babel/plugin-syntax-import-attributes': [ '7.28.6' ],
20 silly audit   '@babel/plugin-syntax-import-meta': [ '7.10.4' ],
20 silly audit   '@babel/plugin-syntax-json-strings': [ '7.8.3' ],
20 silly audit   '@babel/plugin-syntax-jsx': [ '7.28.6' ],
20 silly audit   '@babel/plugin-syntax-logical-assignment-operators': [ '7.10.4' ],
20 silly audit   '@babel/plugin-syntax-nullish-coalescing-operator': [ '7.8.3' ],
20 silly audit   '@babel/plugin-syntax-numeric-separator': [ '7.10.4' ],
20 silly audit   '@babel/plugin-syntax-object-rest-spread': [ '7.8.3' ],
20 silly audit   '@babel/plugin-syntax-optional-catch-binding': [ '7.8.3' ],
20 silly audit   '@babel/plugin-syntax-optional-chaining': [ '7.8.3' ],
20 silly audit   '@babel/plugin-syntax-private-property-in-object': [ '7.14.5' ],
20 silly audit   '@babel/plugin-syntax-top-level-await': [ '7.14.5' ],
20 silly audit   '@babel/plugin-syntax-typescript': [ '7.28.6' ],
20 silly audit   '@babel/runtime': [ '7.28.4' ],
20 silly audit   '@babel/template': [ '7.27.2' ],
20 silly audit   '@babel/traverse': [ '7.28.5' ],
20 silly audit   '@babel/types': [ '7.28.5' ],
20 silly audit   '@bcoe/v8-coverage': [ '0.2.3' ],
20 silly audit   '@eslint-community/eslint-utils': [ '4.9.1' ],
20 silly audit   'eslint-visitor-keys': [ '3.4.3', '4.2.1' ],
20 silly audit   '@eslint-community/regexpp': [ '4.12.2' ],
20 silly audit   '@eslint/config-array': [ '0.21.1' ],
20 silly audit   '@eslint/config-helpers': [ '0.4.2' ],
20 silly audit   '@eslint/core': [ '0.17.0' ],
20 silly audit   '@eslint/eslintrc': [ '3.3.3' ],
20 silly audit   '@eslint/js': [ '9.39.2' ],
20 silly audit   '@eslint/object-schema': [ '2.1.7' ],
20 silly audit   '@eslint/plugin-kit': [ '0.4.1' ],
20 silly audit   '@humanfs/core': [ '0.19.1' ],
20 silly audit   '@humanfs/node': [ '0.16.7' ],
20 silly audit   '@humanwhocodes/module-importer': [ '1.0.1' ],
20 silly audit   '@humanwhocodes/retry': [ '0.4.3' ],
20 silly audit   '@img/colour': [ '1.0.0' ],
20 silly audit   '@img/sharp-darwin-arm64': [ '0.34.5' ],
20 silly audit   '@img/sharp-libvips-darwin-arm64': [ '1.2.4' ],
20 silly audit   '@istanbuljs/load-nyc-config': [ '1.1.0' ],
20 silly audit   argparse: [ '1.0.10', '2.0.1' ],
20 silly audit   'find-up': [ '4.1.0', '5.0.0' ],
20 silly audit   'js-yaml': [ '3.14.2', '4.1.1' ],
20 silly audit   'locate-path': [ '5.0.0', '6.0.0' ],
20 silly audit   'p-limit': [ '2.3.0', '3.1.0' ],
20 silly audit   'p-locate': [ '4.1.0', '5.0.0' ],
20 silly audit   'resolve-from': [ '5.0.0', '4.0.0' ],
20 silly audit   '@istanbuljs/schema': [ '0.1.3' ],
20 silly audit   '@jest/console': [ '29.7.0' ],
20 silly audit   '@jest/core': [ '29.7.0' ],
20 silly audit   'ansi-styles': [ '5.2.0', '4.3.0' ],
20 silly audit   'jest-config': [ '29.7.0' ],
20 silly audit   'pretty-format': [ '29.7.0', '27.5.1' ],
20 silly audit   'react-is': [ '18.3.1', '17.0.2', '16.13.1' ],
20 silly audit   '@jest/environment': [ '29.7.0' ],
20 silly audit   '@jest/expect': [ '29.7.0' ],
20 silly audit   '@jest/expect-utils': [ '29.7.0' ],
20 silly audit   '@jest/fake-timers': [ '29.7.0' ],
20 silly audit   '@jest/globals': [ '29.7.0' ],
20 silly audit   '@jest/reporters': [ '29.7.0' ],
20 silly audit   '@jest/schemas': [ '29.6.3' ],
20 silly audit   '@jest/source-map': [ '29.6.3' ],
20 silly audit   '@jest/test-result': [ '29.7.0' ],
20 silly audit   '@jest/test-sequencer': [ '29.7.0' ],
20 silly audit   '@jest/transform': [ '29.7.0' ],
20 silly audit   '@jest/types': [ '29.6.3' ],
20 silly audit   '@jridgewell/gen-mapping': [ '0.3.13' ],
20 silly audit   '@jridgewell/remapping': [ '2.3.5' ],
20 silly audit   '@jridgewell/resolve-uri': [ '3.1.2' ],
20 silly audit   '@jridgewell/sourcemap-codec': [ '1.5.5' ],
20 silly audit   '@jridgewell/trace-mapping': [ '0.3.31' ],
20 silly audit   '@next/env': [ '16.1.1' ],
20 silly audit   '@next/eslint-plugin-next': [ '16.1.1' ],
20 silly audit   '@next/swc-darwin-arm64': [ '16.1.1' ],
20 silly audit   '@next/swc-darwin-x64': [ '16.1.1' ],
20 silly audit   '@next/swc-linux-arm64-gnu': [ '16.1.1' ],
20 silly audit   '@next/swc-linux-arm64-musl': [ '16.1.1' ],
20 silly audit   '@next/swc-linux-x64-gnu': [ '16.1.1' ],
20 silly audit   '@next/swc-linux-x64-musl': [ '16.1.1' ],
20 silly audit   '@next/swc-win32-arm64-msvc': [ '16.1.1' ],
20 silly audit   '@next/swc-win32-x64-msvc': [ '16.1.1' ],
20 silly audit   '@nodelib/fs.scandir': [ '2.1.5' ],
20 silly audit   '@nodelib/fs.stat': [ '2.0.5' ],
20 silly audit   '@nodelib/fs.walk': [ '1.2.8' ],
20 silly audit   '@nolyfill/is-core-module': [ '1.0.39' ],
20 silly audit   '@prisma/client': [ '6.19.2' ],
20 silly audit   '@prisma/config': [ '6.19.2' ],
20 silly audit   '@prisma/debug': [ '6.19.2' ],
20 silly audit   '@prisma/engines': [ '6.19.2' ],
20 silly audit   '@prisma/engines-version': [ '7.1.1-3.c2990dca591cba766e3b7ef5d9e8a84796e47ab7' ],
20 silly audit   '@prisma/fetch-engine': [ '6.19.2' ],
20 silly audit   '@prisma/get-platform': [ '6.19.2' ],
20 silly audit   '@rtsao/scc': [ '1.1.0' ],
20 silly audit   '@sinclair/typebox': [ '0.27.10' ],
20 silly audit   '@sinonjs/commons': [ '3.0.1' ],
20 silly audit   '@sinonjs/fake-timers': [ '10.3.0' ],
20 silly audit   '@standard-schema/spec': [ '1.1.0' ],
20 silly audit   '@swc/helpers': [ '0.5.15' ],
20 silly audit   '@tailwindcss/node': [ '4.1.18' ],
20 silly audit   '@tailwindcss/oxide': [ '4.1.18' ],
20 silly audit   '@tailwindcss/oxide-darwin-arm64': [ '4.1.18' ],
20 silly audit   '@tailwindcss/postcss': [ '4.1.18' ],
20 silly audit   '@testing-library/dom': [ '10.4.1' ],
20 silly audit   'aria-query': [ '5.3.0', '5.3.2' ],
20 silly audit   '@testing-library/jest-dom': [ '6.9.1' ],
20 silly audit   'dom-accessibility-api': [ '0.6.3', '0.5.16' ],
20 silly audit   '@testing-library/react': [ '16.3.2' ],
20 silly audit   '@testing-library/user-event': [ '14.6.1' ],
20 silly audit   '@tootallnate/once': [ '2.0.0' ],
20 silly audit   '@types/aria-query': [ '5.0.4' ],
20 silly audit   '@types/babel__core': [ '7.20.5' ],
20 silly audit   '@types/babel__generator': [ '7.27.0' ],
20 silly audit   '@types/babel__template': [ '7.4.4' ],
20 silly audit   '@types/babel__traverse': [ '7.28.0' ],
20 silly audit   '@types/bcryptjs': [ '3.0.0' ],
20 silly audit   '@types/estree': [ '1.0.8' ],
20 silly audit   '@types/graceful-fs': [ '4.1.9' ],
20 silly audit   '@types/istanbul-lib-coverage': [ '2.0.6' ],
20 silly audit   '@types/istanbul-lib-report': [ '3.0.3' ],
20 silly audit   '@types/istanbul-reports': [ '3.0.4' ],
20 silly audit   '@types/jest': [ '29.5.14' ],
20 silly audit   '@types/jsdom': [ '20.0.1' ],
20 silly audit   '@types/json-schema': [ '7.0.15' ],
20 silly audit   '@types/json5': [ '0.0.29' ],
20 silly audit   '@types/node': [ '20.19.28' ],
20 silly audit   '@types/nodemailer': [ '7.0.11' ],
20 silly audit   '@types/pako': [ '2.0.4' ],
20 silly audit   '@types/raf': [ '3.4.3' ],
20 silly audit   '@types/react': [ '19.2.8' ],
20 silly audit   '@types/react-dom': [ '19.2.3' ],
20 silly audit   '@types/stack-utils': [ '2.0.3' ],
20 silly audit   '@types/tough-cookie': [ '4.0.5' ],
20 silly audit   '@types/trusted-types': [ '2.0.7' ],
20 silly audit   '@types/uuid': [ '9.0.8' ],
20 silly audit   '@types/yargs': [ '17.0.35' ],
20 silly audit   '@types/yargs-parser': [ '21.0.3' ],
20 silly audit   '@typescript-eslint/eslint-plugin': [ '8.52.0' ],
20 silly audit   ignore: [ '7.0.5', '5.3.2' ],
20 silly audit   '@typescript-eslint/parser': [ '8.52.0' ],
20 silly audit   '@typescript-eslint/project-service': [ '8.52.0' ],
20 silly audit   '@typescript-eslint/scope-manager': [ '8.52.0' ],
20 silly audit   '@typescript-eslint/tsconfig-utils': [ '8.52.0' ],
20 silly audit   '@typescript-eslint/type-utils': [ '8.52.0' ],
20 silly audit   '@typescript-eslint/types': [ '8.52.0' ],
20 silly audit   '@typescript-eslint/typescript-estree': [ '8.52.0' ],
20 silly audit   'brace-expansion': [ '2.0.2', '1.1.12' ],
20 silly audit   minimatch: [ '9.0.5', '3.1.2' ],
20 silly audit   semver: [ '7.7.3', '7.7.4', '6.3.1' ],
20 silly audit   '@typescript-eslint/utils': [ '8.52.0' ],
20 silly audit   '@typescript-eslint/visitor-keys': [ '8.52.0' ],
20 silly audit   '@unrs/resolver-binding-darwin-arm64': [ '1.11.1' ],
20 silly audit   abab: [ '2.0.6' ],
20 silly audit   acorn: [ '8.15.0' ],
20 silly audit   'acorn-globals': [ '7.0.1' ],
20 silly audit   'acorn-jsx': [ '5.3.2' ],
20 silly audit   'acorn-walk': [ '8.3.5' ],
20 silly audit   'adler-32': [ '1.3.1' ],
20 silly audit   'agent-base': [ '6.0.2' ],
20 silly audit   ajv: [ '6.12.6' ],
20 silly audit   'ansi-escapes': [ '4.3.2' ],
20 silly audit   'ansi-regex': [ '5.0.1' ],
20 silly audit   anymatch: [ '3.1.3' ],
20 silly audit   'array-buffer-byte-length': [ '1.0.2' ],
20 silly audit   'array-includes': [ '3.1.9' ],
20 silly audit   'array.prototype.findlast': [ '1.2.5' ],
20 silly audit   'array.prototype.findlastindex': [ '1.2.6' ],
20 silly audit   'array.prototype.flat': [ '1.3.3' ],
20 silly audit   'array.prototype.flatmap': [ '1.3.3' ],
20 silly audit   'array.prototype.tosorted': [ '1.1.4' ],
20 silly audit   'arraybuffer.prototype.slice': [ '1.0.4' ],
20 silly audit   'ast-types-flow': [ '0.0.8' ],
20 silly audit   'async-function': [ '1.0.0' ],
20 silly audit   asynckit: [ '0.4.0' ],
20 silly audit   'available-typed-arrays': [ '1.0.7' ],
20 silly audit   'axe-core': [ '4.11.1' ],
20 silly audit   'axobject-query': [ '4.1.0' ],
20 silly audit   'babel-jest': [ '29.7.0' ],
20 silly audit   'babel-plugin-istanbul': [ '6.1.1' ],
20 silly audit   'istanbul-lib-instrument': [ '5.2.1', '6.0.3' ],
20 silly audit   'babel-plugin-jest-hoist': [ '29.6.3' ],
20 silly audit   'babel-preset-current-node-syntax': [ '1.2.0' ],
20 silly audit   'babel-preset-jest': [ '29.6.3' ],
20 silly audit   'balanced-match': [ '1.0.2' ],
20 silly audit   'base64-arraybuffer': [ '1.0.2' ],
20 silly audit   'baseline-browser-mapping': [ '2.9.14' ],
20 silly audit   bcryptjs: [ '3.0.3' ],
20 silly audit   braces: [ '3.0.3' ],
20 silly audit   browserslist: [ '4.28.1' ],
20 silly audit   bser: [ '2.1.1' ],
20 silly audit   'buffer-from': [ '1.1.2' ],
20 silly audit   c12: [ '3.1.0' ],
20 silly audit   'call-bind': [ '1.0.8' ],
20 silly audit   'call-bind-apply-helpers': [ '1.0.2' ],
20 silly audit   'call-bound': [ '1.0.4' ],
20 silly audit   callsites: [ '3.1.0' ],
20 silly audit   camelcase: [ '5.3.1', '6.3.0' ],
20 silly audit   'caniuse-lite': [ '1.0.30001764' ],
20 silly audit   canvg: [ '3.0.11' ],
20 silly audit   cfb: [ '1.2.2' ],
20 silly audit   chalk: [ '4.1.2' ],
20 silly audit   'char-regex': [ '1.0.2' ],
20 silly audit   chokidar: [ '4.0.3' ],
20 silly audit   'ci-info': [ '3.9.0' ],
20 silly audit   citty: [ '0.1.6', '0.2.1' ],
20 silly audit   'cjs-module-lexer': [ '1.4.3' ],
20 silly audit   'client-only': [ '0.0.1' ],
20 silly audit   cliui: [ '8.0.1' ],
20 silly audit   clsx: [ '2.1.1' ],
20 silly audit   co: [ '4.6.0' ],
20 silly audit   codepage: [ '1.15.0' ],
20 silly audit   'collect-v8-coverage': [ '1.0.3' ],
20 silly audit   'color-convert': [ '2.0.1' ],
20 silly audit   'color-name': [ '1.1.4' ],
20 silly audit   'combined-stream': [ '1.0.8' ],
20 silly audit   'concat-map': [ '0.0.1' ],
20 silly audit   confbox: [ '0.2.4' ],
20 silly audit   consola: [ '3.4.2' ],
20 silly audit   'convert-source-map': [ '2.0.0' ],
20 silly audit   'core-js': [ '3.47.0' ],
20 silly audit   'crc-32': [ '1.2.2' ],
20 silly audit   'create-jest': [ '29.7.0' ],
20 silly audit   'cross-spawn': [ '7.0.6' ],
20 silly audit   'css-line-break': [ '2.1.0' ],
20 silly audit   'css.escape': [ '1.5.1' ],
20 silly audit   cssom: [ '0.5.0', '0.3.8' ],
20 silly audit   cssstyle: [ '2.3.0' ],
20 silly audit   csstype: [ '3.2.3' ],
20 silly audit   'damerau-levenshtein': [ '1.0.8' ],
20 silly audit   'data-urls': [ '3.0.2' ],
20 silly audit   'data-view-buffer': [ '1.0.2' ],
20 silly audit   'data-view-byte-length': [ '1.0.2' ],
20 silly audit   'data-view-byte-offset': [ '1.0.1' ],
20 silly audit   debug: [ '4.4.3', '3.2.7' ],
20 silly audit   'decimal.js': [ '10.6.0' ],
20 silly audit   dedent: [ '1.7.1' ],
20 silly audit   'deep-is': [ '0.1.4' ],
20 silly audit   deepmerge: [ '4.3.1' ],
20 silly audit   'deepmerge-ts': [ '7.1.5' ],
20 silly audit   'define-data-property': [ '1.1.4' ],
20 silly audit   'define-properties': [ '1.2.1' ],
20 silly audit   defu: [ '6.1.4' ],
20 silly audit   'delayed-stream': [ '1.0.0' ],
20 silly audit   dequal: [ '2.0.3' ],
20 silly audit   destr: [ '2.0.5' ],
20 silly audit   'detect-libc': [ '2.1.2' ],
20 silly audit   'detect-newline': [ '3.1.0' ],
20 silly audit   'diff-sequences': [ '29.6.3' ],
20 silly audit   doctrine: [ '2.1.0' ],
20 silly audit   domexception: [ '4.0.0' ],
20 silly audit   dompurify: [ '3.3.1' ],
20 silly audit   dotenv: [ '16.6.1' ],
20 silly audit   'dunder-proto': [ '1.0.1' ],
20 silly audit   effect: [ '3.18.4' ],
20 silly audit   'electron-to-chromium': [ '1.5.267' ],
20 silly audit   emittery: [ '0.13.1' ],
20 silly audit   'emoji-regex': [ '9.2.2', '8.0.0' ],
20 silly audit   empathic: [ '2.0.0' ],
20 silly audit   'enhanced-resolve': [ '5.18.4' ],
20 silly audit   entities: [ '6.0.1' ],
20 silly audit   'error-ex': [ '1.3.4' ],
20 silly audit   'es-abstract': [ '1.24.1' ],
20 silly audit   'es-define-property': [ '1.0.1' ],
20 silly audit   'es-errors': [ '1.3.0' ],
20 silly audit   'es-iterator-helpers': [ '1.2.2' ],
20 silly audit   'es-object-atoms': [ '1.1.1' ],
20 silly audit   'es-set-tostringtag': [ '2.1.0' ],
20 silly audit   'es-shim-unscopables': [ '1.1.0' ],
20 silly audit   'es-to-primitive': [ '1.3.0' ],
20 silly audit   'es-toolkit': [ '1.43.0' ],
20 silly audit   escalade: [ '3.2.0' ],
20 silly audit   'escape-string-regexp': [ '4.0.0', '2.0.0' ],
20 silly audit   escodegen: [ '2.1.0' ],
20 silly audit   eslint: [ '9.39.2' ],
20 silly audit   'eslint-config-next': [ '16.1.1' ],
20 silly audit   globals: [ '16.4.0', '14.0.0' ],
20 silly audit   'eslint-import-resolver-node': [ '0.3.9' ],
20 silly audit   'eslint-import-resolver-typescript': [ '3.10.1' ],
20 silly audit   'eslint-module-utils': [ '2.12.1' ],
20 silly audit   'eslint-plugin-import': [ '2.32.0' ],
20 silly audit   'eslint-plugin-jsx-a11y': [ '6.10.2' ],
20 silly audit   'eslint-plugin-react': [ '7.37.5' ],
20 silly audit   'eslint-plugin-react-hooks': [ '7.0.1' ],
20 silly audit   resolve: [ '2.0.0-next.5', '1.22.11' ],
20 silly audit   'eslint-scope': [ '8.4.0' ],
20 silly audit   espree: [ '10.4.0' ],
20 silly audit   esprima: [ '4.0.1' ],
20 silly audit   esquery: [ '1.7.0' ],
20 silly audit   esrecurse: [ '4.3.0' ],
20 silly audit   estraverse: [ '5.3.0' ],
20 silly audit   esutils: [ '2.0.3' ],
20 silly audit   execa: [ '5.1.1' ],
20 silly audit   exit: [ '0.1.2' ],
20 silly audit   expect: [ '29.7.0' ],
20 silly audit   exsolve: [ '1.0.8' ],
20 silly audit   'fast-check': [ '3.23.2' ],
20 silly audit   'fast-deep-equal': [ '3.1.3' ],
20 silly audit   'fast-glob': [ '3.3.1' ],
20 silly audit   'glob-parent': [ '5.1.2', '6.0.2' ],
20 silly audit   'fast-json-stable-stringify': [ '2.1.0' ],
20 silly audit   'fast-levenshtein': [ '2.0.6' ],
20 silly audit   'fast-png': [ '6.4.0' ],
20 silly audit   fastq: [ '1.20.1' ],
20 silly audit   'fb-watchman': [ '2.0.2' ],
20 silly audit   fflate: [ '0.8.2' ],
20 silly audit   'file-entry-cache': [ '8.0.0' ],
20 silly audit   'fill-range': [ '7.1.1' ],
20 silly audit   'flat-cache': [ '4.0.1' ],
20 silly audit   flatted: [ '3.3.3' ],
20 silly audit   'for-each': [ '0.3.5' ],
20 silly audit   'form-data': [ '4.0.5' ],
20 silly audit   frac: [ '1.1.2' ],
20 silly audit   'framer-motion': [ '12.25.0' ],
20 silly audit   'fs.realpath': [ '1.0.0' ],
20 silly audit   fsevents: [ '2.3.3' ],
20 silly audit   'function-bind': [ '1.1.2' ],
20 silly audit   'function.prototype.name': [ '1.1.8' ],
20 silly audit   'functions-have-names': [ '1.2.3' ],
20 silly audit   'generator-function': [ '2.0.1' ],
20 silly audit   gensync: [ '1.0.0-beta.2' ],
20 silly audit   'get-caller-file': [ '2.0.5' ],
20 silly audit   'get-intrinsic': [ '1.3.0' ],
20 silly audit   'get-package-type': [ '0.1.0' ],
20 silly audit   'get-proto': [ '1.0.1' ],
20 silly audit   'get-stream': [ '6.0.1' ],
20 silly audit   'get-symbol-description': [ '1.1.0' ],
20 silly audit   'get-tsconfig': [ '4.13.0' ],
20 silly audit   giget: [ '2.0.0' ],
20 silly audit   glob: [ '7.2.3' ],
20 silly audit   globalthis: [ '1.0.4' ],
20 silly audit   'google-spreadsheet': [ '5.0.2' ],
20 silly audit   gopd: [ '1.2.0' ],
20 silly audit   'graceful-fs': [ '4.2.11' ],
20 silly audit   'has-bigints': [ '1.1.0' ],
20 silly audit   'has-flag': [ '4.0.0' ],
20 silly audit   'has-property-descriptors': [ '1.0.2' ],
20 silly audit   'has-proto': [ '1.2.0' ],
20 silly audit   'has-symbols': [ '1.1.0' ],
20 silly audit   'has-tostringtag': [ '1.0.2' ],
20 silly audit   hasown: [ '2.0.2' ],
20 silly audit   'hermes-estree': [ '0.25.1' ],
20 silly audit   'hermes-parser': [ '0.25.1' ],
20 silly audit   'html-encoding-sniffer': [ '3.0.0' ],
20 silly audit   'html-escaper': [ '2.0.2' ],
20 silly audit   html2canvas: [ '1.4.1' ],
20 silly audit   'http-proxy-agent': [ '5.0.0' ],
20 silly audit   'https-proxy-agent': [ '5.0.1' ],
20 silly audit   'human-signals': [ '2.1.0' ],
20 silly audit   'iconv-lite': [ '0.6.3' ],
20 silly audit   'import-fresh': [ '3.3.1' ],
20 silly audit   'import-local': [ '3.2.0' ],
20 silly audit   imurmurhash: [ '0.1.4' ],
20 silly audit   'indent-string': [ '4.0.0' ],
20 silly audit   inflight: [ '1.0.6' ],
20 silly audit   inherits: [ '2.0.4' ],
20 silly audit   'internal-slot': [ '1.1.0' ],
20 silly audit   iobuffer: [ '5.4.0' ],
20 silly audit   'is-array-buffer': [ '3.0.5' ],
20 silly audit   'is-arrayish': [ '0.2.1' ],
20 silly audit   'is-async-function': [ '2.1.1' ],
20 silly audit   'is-bigint': [ '1.1.0' ],
20 silly audit   'is-boolean-object': [ '1.2.2' ],
20 silly audit   'is-bun-module': [ '2.0.0' ],
20 silly audit   'is-callable': [ '1.2.7' ],
20 silly audit   'is-core-module': [ '2.16.1' ],
20 silly audit   'is-data-view': [ '1.0.2' ],
20 silly audit   'is-date-object': [ '1.1.0' ],
20 silly audit   'is-extglob': [ '2.1.1' ],
20 silly audit   'is-finalizationregistry': [ '1.1.1' ],
20 silly audit   'is-fullwidth-code-point': [ '3.0.0' ],
20 silly audit   'is-generator-fn': [ '2.1.0' ],
20 silly audit   'is-generator-function': [ '1.1.2' ],
20 silly audit   'is-glob': [ '4.0.3' ],
20 silly audit   'is-map': [ '2.0.3' ],
20 silly audit   'is-negative-zero': [ '2.0.3' ],
20 silly audit   'is-number': [ '7.0.0' ],
20 silly audit   'is-number-object': [ '1.1.1' ],
20 silly audit   'is-potential-custom-element-name': [ '1.0.1' ],
20 silly audit   'is-regex': [ '1.2.1' ],
20 silly audit   'is-set': [ '2.0.3' ],
20 silly audit   'is-shared-array-buffer': [ '1.0.4' ],
20 silly audit   'is-stream': [ '2.0.1' ],
20 silly audit   'is-string': [ '1.1.1' ],
20 silly audit   'is-symbol': [ '1.1.1' ],
20 silly audit   'is-typed-array': [ '1.1.15' ],
20 silly audit   'is-weakmap': [ '2.0.2' ],
20 silly audit   'is-weakref': [ '1.1.1' ],
20 silly audit   'is-weakset': [ '2.0.4' ],
20 silly audit   isarray: [ '2.0.5' ],
20 silly audit   isexe: [ '2.0.0' ],
20 silly audit   'istanbul-lib-coverage': [ '3.2.2' ],
20 silly audit   'istanbul-lib-report': [ '3.0.1' ],
20 silly audit   'istanbul-lib-source-maps': [ '4.0.1' ],
20 silly audit   'istanbul-reports': [ '3.2.0' ],
20 silly audit   'iterator.prototype': [ '1.1.5' ],
20 silly audit   jest: [ '29.7.0' ],
20 silly audit   'jest-changed-files': [ '29.7.0' ],
20 silly audit   'jest-circus': [ '29.7.0' ],
20 silly audit   'jest-cli': [ '29.7.0' ],
20 silly audit   'jest-diff': [ '29.7.0' ],
20 silly audit   'jest-docblock': [ '29.7.0' ],
20 silly audit   'jest-each': [ '29.7.0' ],
20 silly audit   'jest-environment-jsdom': [ '29.7.0' ],
20 silly audit   'jest-environment-node': [ '29.7.0' ],
20 silly audit   'jest-get-type': [ '29.6.3' ],
20 silly audit   'jest-haste-map': [ '29.7.0' ],
20 silly audit   'jest-leak-detector': [ '29.7.0' ],
20 silly audit   'jest-matcher-utils': [ '29.7.0' ],
20 silly audit   'jest-message-util': [ '29.7.0' ],
20 silly audit   'jest-mock': [ '29.7.0' ],
20 silly audit   'jest-pnp-resolver': [ '1.2.3' ],
20 silly audit   'jest-regex-util': [ '29.6.3' ],
20 silly audit   'jest-resolve': [ '29.7.0' ],
20 silly audit   'jest-resolve-dependencies': [ '29.7.0' ],
20 silly audit   'jest-runner': [ '29.7.0' ],
20 silly audit   'jest-runtime': [ '29.7.0' ],
20 silly audit   'strip-bom': [ '4.0.0', '3.0.0' ],
20 silly audit   'jest-snapshot': [ '29.7.0' ],
20 silly audit   'jest-util': [ '29.7.0' ],
20 silly audit   'jest-validate': [ '29.7.0' ],
20 silly audit   'jest-watcher': [ '29.7.0' ],
20 silly audit   'jest-worker': [ '29.7.0' ],
20 silly audit   'supports-color': [ '8.1.1', '7.2.0' ],
20 silly audit   jiti: [ '2.6.1' ],
20 silly audit   'js-tokens': [ '4.0.0' ],
20 silly audit   jsdom: [ '20.0.3' ],
20 silly audit   jsesc: [ '3.1.0' ],
20 silly audit   'json-buffer': [ '3.0.1' ],
20 silly audit   'json-parse-even-better-errors': [ '2.3.1' ],
20 silly audit   'json-schema-traverse': [ '0.4.1' ],
20 silly audit   'json-stable-stringify-without-jsonify': [ '1.0.1' ],
20 silly audit   json5: [ '2.2.3', '1.0.2' ],
20 silly audit   jspdf: [ '4.0.0' ],
20 silly audit   'jsx-ast-utils': [ '3.3.5' ],
20 silly audit   keyv: [ '4.5.4' ],
20 silly audit   kleur: [ '3.0.3' ],
20 silly audit   ky: [ '1.14.2' ],
20 silly audit   'language-subtag-registry': [ '0.3.23' ],
20 silly audit   'language-tags': [ '1.0.9' ],
20 silly audit   leven: [ '3.1.0' ],
20 silly audit   levn: [ '0.4.1' ],
20 silly audit   lightningcss: [ '1.30.2' ],
20 silly audit   'lightningcss-darwin-arm64': [ '1.30.2' ],
20 silly audit   'lines-and-columns': [ '1.2.4' ],
20 silly audit   'lodash.merge': [ '4.6.2' ],
20 silly audit   'loose-envify': [ '1.4.0' ],
20 silly audit   'lru-cache': [ '5.1.1' ],
20 silly audit   'lucide-react': [ '0.562.0' ],
20 silly audit   'lz-string': [ '1.5.0' ],
20 silly audit   'magic-string': [ '0.30.21' ],
20 silly audit   'make-dir': [ '4.0.0' ],
20 silly audit   makeerror: [ '1.0.12' ],
20 silly audit   'math-intrinsics': [ '1.1.0' ],
20 silly audit   'merge-stream': [ '2.0.0' ],
20 silly audit   merge2: [ '1.4.1' ],
20 silly audit   micromatch: [ '4.0.8' ],
20 silly audit   'mime-db': [ '1.52.0' ],
20 silly audit   'mime-types': [ '2.1.35' ],
20 silly audit   'mimic-fn': [ '2.1.0' ],
20 silly audit   'min-indent': [ '1.0.1' ],
20 silly audit   minimist: [ '1.2.8' ],
20 silly audit   'motion-dom': [ '12.24.11' ],
20 silly audit   'motion-utils': [ '12.24.10' ],
20 silly audit   ms: [ '2.1.3' ],
20 silly audit   nanoid: [ '3.3.11' ],
20 silly audit   'napi-postinstall': [ '0.3.4' ],
20 silly audit   'natural-compare': [ '1.4.0' ],
20 silly audit   next: [ '16.1.1' ],
20 silly audit   postcss: [ '8.4.31', '8.5.6' ],
20 silly audit   'node-fetch-native': [ '1.6.7' ],
20 silly audit   'node-int64': [ '0.4.0' ],
20 silly audit   'node-releases': [ '2.0.27' ],
20 silly audit   nodemailer: [ '8.0.1' ],
20 silly audit   'normalize-path': [ '3.0.0' ],
20 silly audit   'npm-run-path': [ '4.0.1' ],
20 silly audit   nwsapi: [ '2.2.23' ],
20 silly audit   nypm: [ '0.6.5' ],
20 silly audit   'object-assign': [ '4.1.1' ],
20 silly audit   'object-inspect': [ '1.13.4' ],
20 silly audit   'object-keys': [ '1.1.1' ],
20 silly audit   'object.assign': [ '4.1.7' ],
20 silly audit   'object.entries': [ '1.1.9' ],
20 silly audit   'object.fromentries': [ '2.0.8' ],
20 silly audit   'object.groupby': [ '1.0.3' ],
20 silly audit   'object.values': [ '1.2.1' ],
20 silly audit   ohash: [ '2.0.11' ],
20 silly audit   once: [ '1.4.0' ],
20 silly audit   onetime: [ '5.1.2' ],
20 silly audit   optionator: [ '0.9.4' ],
20 silly audit   'own-keys': [ '1.0.1' ],
20 silly audit   'p-try': [ '2.2.0' ],
20 silly audit   pako: [ '2.1.0' ],
20 silly audit   'parent-module': [ '1.0.1' ],
20 silly audit   'parse-json': [ '5.2.0' ],
20 silly audit   parse5: [ '7.3.0' ],
20 silly audit   'path-exists': [ '4.0.0' ],
20 silly audit   'path-is-absolute': [ '1.0.1' ],
20 silly audit   'path-key': [ '3.1.1' ],
20 silly audit   'path-parse': [ '1.0.7' ],
20 silly audit   pathe: [ '2.0.3' ],
20 silly audit   'perfect-debounce': [ '1.0.0' ],
20 silly audit   'performance-now': [ '2.1.0' ],
20 silly audit   picocolors: [ '1.1.1' ],
20 silly audit   picomatch: [ '2.3.1', '4.0.3' ],
20 silly audit   pirates: [ '4.0.7' ],
20 silly audit   'pkg-dir': [ '4.2.0' ],
20 silly audit   'pkg-types': [ '2.3.0' ],
20 silly audit   'possible-typed-array-names': [ '1.1.0' ],
20 silly audit   'prelude-ls': [ '1.2.1' ],
20 silly audit   prompts: [ '2.4.2' ],
20 silly audit   'prop-types': [ '15.8.1' ],
20 silly audit   psl: [ '1.15.0' ],
20 silly audit   punycode: [ '2.3.1' ],
20 silly audit   'pure-rand': [ '6.1.0' ],
20 silly audit   querystringify: [ '2.2.0' ],
20 silly audit   'queue-microtask': [ '1.2.3' ],
20 silly audit   raf: [ '3.4.1' ],
20 silly audit   rc9: [ '2.1.2' ],
20 silly audit   react: [ '19.2.3' ],
20 silly audit   'react-dom': [ '19.2.3' ],
20 silly audit   readdirp: [ '4.1.2' ],
20 silly audit   redent: [ '3.0.0' ],
20 silly audit   'reflect.getprototypeof': [ '1.0.10' ],
20 silly audit   'regenerator-runtime': [ '0.13.11' ],
20 silly audit   'regexp.prototype.flags': [ '1.5.4' ],
20 silly audit   'require-directory': [ '2.1.1' ],
20 silly audit   'requires-port': [ '1.0.0' ],
20 silly audit   'resolve-cwd': [ '3.0.0' ],
20 silly audit   'resolve-pkg-maps': [ '1.0.0' ],
20 silly audit   'resolve.exports': [ '2.0.3' ],
20 silly audit   reusify: [ '1.1.0' ],
20 silly audit   rgbcolor: [ '1.0.1' ],
20 silly audit   'run-parallel': [ '1.2.0' ],
20 silly audit   'safe-array-concat': [ '1.1.3' ],
20 silly audit   'safe-push-apply': [ '1.0.0' ],
20 silly audit   'safe-regex-test': [ '1.1.0' ],
20 silly audit   'safer-buffer': [ '2.1.2' ],
20 silly audit   saxes: [ '6.0.0' ],
20 silly audit   scheduler: [ '0.27.0' ],
20 silly audit   'set-function-length': [ '1.2.2' ],
20 silly audit   'set-function-name': [ '2.0.2' ],
20 silly audit   'set-proto': [ '1.0.0' ],
20 silly audit   sharp: [ '0.34.5' ],
20 silly audit   'shebang-command': [ '2.0.0' ],
20 silly audit   'shebang-regex': [ '3.0.0' ],
20 silly audit   'side-channel': [ '1.1.0' ],
20 silly audit   'side-channel-list': [ '1.0.0' ],
20 silly audit   'side-channel-map': [ '1.0.1' ],
20 silly audit   'side-channel-weakmap': [ '1.0.2' ],
20 silly audit   'signal-exit': [ '3.0.7' ],
20 silly audit   sisteransi: [ '1.0.5' ],
20 silly audit   slash: [ '3.0.0' ],
20 silly audit   'source-map': [ '0.6.1' ],
20 silly audit   'source-map-js': [ '1.2.1' ],
20 silly audit   'source-map-support': [ '0.5.13' ],
20 silly audit   'sprintf-js': [ '1.0.3' ],
20 silly audit   ssf: [ '0.11.2' ],
20 silly audit   'stable-hash': [ '0.0.5' ],
20 silly audit   'stack-utils': [ '2.0.6' ],
20 silly audit   'stackblur-canvas': [ '2.7.0' ],
20 silly audit   'stop-iteration-iterator': [ '1.1.0' ],
20 silly audit   'string-length': [ '4.0.2' ],
20 silly audit   'string-width': [ '4.2.3' ],
20 silly audit   'string.prototype.includes': [ '2.0.1' ],
20 silly audit   'string.prototype.matchall': [ '4.0.12' ],
20 silly audit   'string.prototype.repeat': [ '1.0.0' ],
20 silly audit   'string.prototype.trim': [ '1.2.10' ],
20 silly audit   'string.prototype.trimend': [ '1.0.9' ],
20 silly audit   'string.prototype.trimstart': [ '1.0.8' ],
20 silly audit   'strip-ansi': [ '6.0.1' ],
20 silly audit   'strip-final-newline': [ '2.0.0' ],
20 silly audit   'strip-indent': [ '3.0.0' ],
20 silly audit   'strip-json-comments': [ '3.1.1' ],
20 silly audit   'styled-jsx': [ '5.1.6' ],
20 silly audit   'supports-preserve-symlinks-flag': [ '1.0.0' ],
20 silly audit   'svg-pathdata': [ '6.0.3' ],
20 silly audit   'symbol-tree': [ '3.2.4' ],
20 silly audit   'tailwind-merge': [ '3.4.0' ],
20 silly audit   tailwindcss: [ '4.1.18' ],
20 silly audit   tapable: [ '2.3.0' ],
20 silly audit   'test-exclude': [ '6.0.0' ],
20 silly audit   'text-segmentation': [ '1.0.3' ],
20 silly audit   tinyexec: [ '1.0.2' ],
20 silly audit   tinyglobby: [ '0.2.15' ],
20 silly audit   fdir: [ '6.5.0' ],
20 silly audit   tmpl: [ '1.0.5' ],
20 silly audit   'to-regex-range': [ '5.0.1' ],
20 silly audit   'tough-cookie': [ '4.1.4' ],
20 silly audit   tr46: [ '3.0.0' ],
20 silly audit   'ts-api-utils': [ '2.4.0' ],
20 silly audit   'tsconfig-paths': [ '3.15.0' ],
20 silly audit   tslib: [ '2.8.1' ],
20 silly audit   'type-check': [ '0.4.0' ],
20 silly audit   'type-detect': [ '4.0.8' ],
20 silly audit   'type-fest': [ '0.21.3' ],
20 silly audit   'typed-array-buffer': [ '1.0.3' ],
20 silly audit   'typed-array-byte-length': [ '1.0.3' ],
20 silly audit   'typed-array-byte-offset': [ '1.0.4' ],
20 silly audit   'typed-array-length': [ '1.0.7' ],
20 silly audit   typescript: [ '5.9.3' ],
20 silly audit   'typescript-eslint': [ '8.52.0' ],
20 silly audit   'unbox-primitive': [ '1.1.0' ],
20 silly audit   'undici-types': [ '6.21.0' ],
20 silly audit   universalify: [ '0.2.0' ],
20 silly audit   'unrs-resolver': [ '1.11.1' ],
20 silly audit   'update-browserslist-db': [ '1.2.3' ],
20 silly audit   'uri-js': [ '4.4.1' ],
20 silly audit   'url-parse': [ '1.5.10' ],
20 silly audit   utrie: [ '1.0.2' ],
20 silly audit   uuid: [ '9.0.1' ],
20 silly audit   'v8-to-istanbul': [ '9.3.0' ],
20 silly audit   'w3c-xmlserializer': [ '4.0.0' ],
20 silly audit   walker: [ '1.0.8' ],
20 silly audit   'webidl-conversions': [ '7.0.0' ],
20 silly audit   'whatwg-encoding': [ '2.0.0' ],
20 silly audit   'whatwg-mimetype': [ '3.0.0' ],
20 silly audit   'whatwg-url': [ '11.0.0' ],
20 silly audit   which: [ '2.0.2' ],
20 silly audit   'which-boxed-primitive': [ '1.1.1' ],
20 silly audit   'which-builtin-type': [ '1.2.1' ],
20 silly audit   'which-collection': [ '1.0.2' ],
20 silly audit   'which-typed-array': [ '1.1.19' ],
20 silly audit   wmf: [ '1.0.2' ],
20 silly audit   word: [ '0.3.0' ],
20 silly audit   'word-wrap': [ '1.2.5' ],
20 silly audit   'wrap-ansi': [ '7.0.0' ],
20 silly audit   wrappy: [ '1.0.2' ],
20 silly audit   'write-file-atomic': [ '4.0.2' ],
20 silly audit   ws: [ '8.19.0' ],
20 silly audit   xlsx: [ '0.18.5' ],
20 silly audit   'xml-name-validator': [ '4.0.0' ],
20 silly audit   xmlchars: [ '2.2.0' ],
20 silly audit   y18n: [ '5.0.8' ],
20 silly audit   yallist: [ '3.1.1' ],
20 silly audit   yargs: [ '17.7.2' ],
20 silly audit   'yargs-parser': [ '21.1.1' ],
20 silly audit   'yocto-queue': [ '0.1.0' ],
20 silly audit   zod: [ '4.3.5' ],
20 silly audit   'zod-validation-error': [ '4.0.2' ],
20 silly audit   prisma: [ '6.19.2' ]
20 silly audit }
21 verbose reify failed optional dependency /Users/kousei/antigravity/test1/tournament-manager/node_modules/@next/swc-win32-x64-msvc
22 silly reify mark deleted [
22 silly reify   '/Users/kousei/antigravity/test1/tournament-manager/node_modules/@next/swc-win32-x64-msvc'
22 silly reify ]
23 verbose reify failed optional dependency /Users/kousei/antigravity/test1/tournament-manager/node_modules/@next/swc-win32-arm64-msvc
24 silly reify mark deleted [
24 silly reify   '/Users/kousei/antigravity/test1/tournament-manager/node_modules/@next/swc-win32-arm64-msvc'
24 silly reify ]
25 verbose reify failed optional dependency /Users/kousei/antigravity/test1/tournament-manager/node_modules/@next/swc-linux-x64-musl
26 silly reify mark deleted [
26 silly reify   '/Users/kousei/antigravity/test1/tournament-manager/node_modules/@next/swc-linux-x64-musl'
26 silly reify ]
27 verbose reify failed optional dependency /Users/kousei/antigravity/test1/tournament-manager/node_modules/@next/swc-linux-x64-gnu
28 silly reify mark deleted [
28 silly reify   '/Users/kousei/antigravity/test1/tournament-manager/node_modules/@next/swc-linux-x64-gnu'
28 silly reify ]
29 verbose reify failed optional dependency /Users/kousei/antigravity/test1/tournament-manager/node_modules/@next/swc-linux-arm64-musl
30 silly reify mark deleted [
30 silly reify   '/Users/kousei/antigravity/test1/tournament-manager/node_modules/@next/swc-linux-arm64-musl'
30 silly reify ]
31 verbose reify failed optional dependency /Users/kousei/antigravity/test1/tournament-manager/node_modules/@next/swc-linux-arm64-gnu
32 silly reify mark deleted [
32 silly reify   '/Users/kousei/antigravity/test1/tournament-manager/node_modules/@next/swc-linux-arm64-gnu'
32 silly reify ]
33 verbose reify failed optional dependency /Users/kousei/antigravity/test1/tournament-manager/node_modules/@next/swc-darwin-x64
34 silly reify mark deleted [
34 silly reify   '/Users/kousei/antigravity/test1/tournament-manager/node_modules/@next/swc-darwin-x64'
34 silly reify ]
35 http fetch POST 200 https://registry.npmjs.org/-/npm/v1/security/advisories/bulk 1022ms
36 silly audit report {
36 silly audit report   minimatch: [
36 silly audit report     {
36 silly audit report       id: 1113459,
36 silly audit report       url: 'https://github.com/advisories/GHSA-3ppc-4f35-3m26',
36 silly audit report       title: 'minimatch has a ReDoS via repeated wildcards with non-matching literal in pattern',
36 silly audit report       severity: 'high',
36 silly audit report       vulnerable_versions: '<3.1.3',
36 silly audit report       cwe: [Array],
36 silly audit report       cvss: [Object]
36 silly audit report     },
36 silly audit report     {
36 silly audit report       id: 1113465,
36 silly audit report       url: 'https://github.com/advisories/GHSA-3ppc-4f35-3m26',
36 silly audit report       title: 'minimatch has a ReDoS via repeated wildcards with non-matching literal in pattern',
36 silly audit report       severity: 'high',
36 silly audit report       vulnerable_versions: '>=9.0.0 <9.0.6',
36 silly audit report       cwe: [Array],
36 silly audit report       cvss: [Object]
36 silly audit report     }
36 silly audit report   ],
36 silly audit report   ajv: [
36 silly audit report     {
36 silly audit report       id: 1113428,
36 silly audit report       url: 'https://github.com/advisories/GHSA-2g4f-4pwh-qvx6',
36 silly audit report       title: 'ajv has ReDoS when using `$data` option',
36 silly audit report       severity: 'moderate',
36 silly audit report       vulnerable_versions: '<6.14.0',
36 silly audit report       cwe: [Array],
36 silly audit report       cvss: [Object]
36 silly audit report     }
36 silly audit report   ],
36 silly audit report   jspdf: [
36 silly audit report     {
36 silly audit report       id: 1112801,
36 silly audit report       url: 'https://github.com/advisories/GHSA-pqxr-3g65-p328',
36 silly audit report       title: 'jsPDF has PDF Injection in AcroFormChoiceField that allows Arbitrary JavaScript Execution',
36 silly audit report       severity: 'high',
36 silly audit report       vulnerable_versions: '<=4.0.0',
36 silly audit report       cwe: [Array],
36 silly audit report       cvss: [Object]
36 silly audit report     },
36 silly audit report     {
36 silly audit report       id: 1112802,
36 silly audit report       url: 'https://github.com/advisories/GHSA-95fx-jjr5-f39c',
36 silly audit report       title: 'jsPDF Vulnerable to Denial of Service (DoS) via Unvalidated BMP Dimensions in BMPDecoder',
36 silly audit report       severity: 'high',
36 silly audit report       vulnerable_versions: '<=4.0.0',
36 silly audit report       cwe: [Array],
36 silly audit report       cvss: [Object]
36 silly audit report     },
36 silly audit report     {
36 silly audit report       id: 1112803,
36 silly audit report       url: 'https://github.com/advisories/GHSA-vm32-vv63-w422',
36 silly audit report       title: 'jsPDF Vulnerable to Stored XMP Metadata Injection (Spoofing & Integrity Violation)',
36 silly audit report       severity: 'moderate',
36 silly audit report       vulnerable_versions: '<=4.0.0',
36 silly audit report       cwe: [Array],
36 silly audit report       cvss: [Object]
36 silly audit report     },
36 silly audit report     {
36 silly audit report       id: 1112804,
36 silly audit report       url: 'https://github.com/advisories/GHSA-cjw8-79x6-5cj4',
36 silly audit report       title: 'jsPDF has Shared State Race Condition in addJS Plugin',
36 silly audit report       severity: 'moderate',
36 silly audit report       vulnerable_versions: '<=4.0.0',
36 silly audit report       cwe: [Array],
36 silly audit report       cvss: [Object]
36 silly audit report     },
36 silly audit report     {
36 silly audit report       id: 1113309,
36 silly audit report       url: 'https://github.com/advisories/GHSA-p5xg-68wr-hm3m',
36 silly audit report       title: 'jsPDF has a PDF Injection in AcroForm module allows Arbitrary JavaScript Execution (RadioButton.createOption and "AS" property)',
36 silly audit report       severity: 'high',
36 silly audit report       vulnerable_versions: '<4.2.0',
36 silly audit report       cwe: [Array],
36 silly audit report       cvss: [Object]
36 silly audit report     },
36 silly audit report     {
36 silly audit report       id: 1113310,
36 silly audit report       url: 'https://github.com/advisories/GHSA-9vjf-qc39-jprp',
36 silly audit report       title: 'jsPDF has a PDF Object Injection via Unsanitized Input in addJS Method',
36 silly audit report       severity: 'high',
36 silly audit report       vulnerable_versions: '<4.2.0',
36 silly audit report       cwe: [Array],
36 silly audit report       cvss: [Object]
36 silly audit report     },
36 silly audit report     {
36 silly audit report       id: 1113324,
36 silly audit report       url: 'https://github.com/advisories/GHSA-67pg-wm7f-q7fj',
36 silly audit report       title: 'jsPDF Affected by Client-Side/Server-Side Denial of Service via Malicious GIF Dimensions',
36 silly audit report       severity: 'high',
36 silly audit report       vulnerable_versions: '<4.2.0',
36 silly audit report       cwe: [Array],
36 silly audit report       cvss: [Object]
36 silly audit report     }
36 silly audit report   ],
36 silly audit report   next: [
36 silly audit report     {
36 silly audit report       id: 1112592,
36 silly audit report       url: 'https://github.com/advisories/GHSA-9g9p-9gw9-jx7f',
36 silly audit report       title: 'Next.js self-hosted applications vulnerable to DoS via Image Optimizer remotePatterns configuration',
36 silly audit report       severity: 'moderate',
36 silly audit report       vulnerable_versions: '>=15.6.0-canary.0 <16.1.5',
36 silly audit report       cwe: [Array],
36 silly audit report       cvss: [Object]
36 silly audit report     },
36 silly audit report     {
36 silly audit report       id: 1112645,
36 silly audit report       url: 'https://github.com/advisories/GHSA-h25m-26qc-wcjf',
36 silly audit report       title: 'Next.js HTTP request deserialization can lead to DoS when using insecure React Server Components',
36 silly audit report       severity: 'high',
36 silly audit report       vulnerable_versions: '>=16.1.0-canary.0 <16.1.5',
36 silly audit report       cwe: [Array],
36 silly audit report       cvss: [Object]
36 silly audit report     },
36 silly audit report     {
36 silly audit report       id: 1112990,
36 silly audit report       url: 'https://github.com/advisories/GHSA-5f7q-jpqc-wp7h',
36 silly audit report       title: 'Next.js has Unbounded Memory Consumption via PPR Resume Endpoint ',
36 silly audit report       severity: 'moderate',
36 silly audit report       vulnerable_versions: '>=16.0.0-beta.0 <16.1.5',
36 silly audit report       cwe: [Array],
36 silly audit report       cvss: [Object]
36 silly audit report     }
36 silly audit report   ],
36 silly audit report   xlsx: [
36 silly audit report     {
36 silly audit report       id: 1108110,
36 silly audit report       url: 'https://github.com/advisories/GHSA-4r6h-8v6p-xvw6',
36 silly audit report       title: 'Prototype Pollution in sheetJS',
36 silly audit report       severity: 'high',
36 silly audit report       vulnerable_versions: '<0.19.3',
36 silly audit report       cwe: [Array],
36 silly audit report       cvss: [Object]
36 silly audit report     },
36 silly audit report     {
36 silly audit report       id: 1108111,
36 silly audit report       url: 'https://github.com/advisories/GHSA-5pgg-2g8v-p4x9',
36 silly audit report       title: 'SheetJS Regular Expression Denial of Service (ReDoS)',
36 silly audit report       severity: 'high',
36 silly audit report       vulnerable_versions: '<0.20.2',
36 silly audit report       cwe: [Array],
36 silly audit report       cvss: [Object]
36 silly audit report     }
36 silly audit report   ]
36 silly audit report }
37 silly tarball no local data for wrap-ansi@https://registry.npmjs.org/wrap-ansi/-/wrap-ansi-7.0.0.tgz. Extracting by manifest.
38 silly tarball no local data for wrappy@https://registry.npmjs.org/wrappy/-/wrappy-1.0.2.tgz. Extracting by manifest.
39 silly tarball no local data for universalify@https://registry.npmjs.org/universalify/-/universalify-0.2.0.tgz. Extracting by manifest.
40 silly tarball no local data for type-detect@https://registry.npmjs.org/type-detect/-/type-detect-4.0.8.tgz. Extracting by manifest.
41 silly tarball no local data for strip-indent@https://registry.npmjs.org/strip-indent/-/strip-indent-3.0.0.tgz. Extracting by manifest.
42 silly tarball no local data for test-exclude@https://registry.npmjs.org/test-exclude/-/test-exclude-6.0.0.tgz. Extracting by manifest.
43 silly tarball no local data for strip-final-newline@https://registry.npmjs.org/strip-final-newline/-/strip-final-newline-2.0.0.tgz. Extracting by manifest.
44 silly tarball no local data for strip-ansi@https://registry.npmjs.org/strip-ansi/-/strip-ansi-6.0.1.tgz. Extracting by manifest.
45 silly tarball no local data for string-length@https://registry.npmjs.org/string-length/-/string-length-4.0.2.tgz. Extracting by manifest.
46 silly tarball no local data for string-width@https://registry.npmjs.org/string-width/-/string-width-4.2.3.tgz. Extracting by manifest.
47 silly tarball no local data for stack-utils@https://registry.npmjs.org/stack-utils/-/stack-utils-2.0.6.tgz. Extracting by manifest.
48 silly tarball no local data for slash@https://registry.npmjs.org/slash/-/slash-3.0.0.tgz. Extracting by manifest.
49 silly tarball no local data for signal-exit@https://registry.npmjs.org/signal-exit/-/signal-exit-3.0.7.tgz. Extracting by manifest.
50 silly tarball no local data for source-map-support@https://registry.npmjs.org/source-map-support/-/source-map-support-0.5.13.tgz. Extracting by manifest.
51 silly tarball no local data for safer-buffer@https://registry.npmjs.org/safer-buffer/-/safer-buffer-2.1.2.tgz. Extracting by manifest.
52 silly tarball no local data for saxes@https://registry.npmjs.org/saxes/-/saxes-6.0.0.tgz. Extracting by manifest.
53 silly tarball no local data for resolve-cwd@https://registry.npmjs.org/resolve-cwd/-/resolve-cwd-3.0.0.tgz. Extracting by manifest.
54 silly tarball no local data for require-directory@https://registry.npmjs.org/require-directory/-/require-directory-2.1.1.tgz. Extracting by manifest.
55 silly tarball no local data for redent@https://registry.npmjs.org/redent/-/redent-3.0.0.tgz. Extracting by manifest.
56 silly tarball no local data for requires-port@https://registry.npmjs.org/requires-port/-/requires-port-1.0.0.tgz. Extracting by manifest.
57 silly tarball no local data for querystringify@https://registry.npmjs.org/querystringify/-/querystringify-2.2.0.tgz. Extracting by manifest.
58 silly tarball no local data for pkg-dir@https://registry.npmjs.org/pkg-dir/-/pkg-dir-4.2.0.tgz. Extracting by manifest.
59 silly tarball no local data for path-is-absolute@https://registry.npmjs.org/path-is-absolute/-/path-is-absolute-1.0.1.tgz. Extracting by manifest.
60 silly tarball no local data for parse-json@https://registry.npmjs.org/parse-json/-/parse-json-5.2.0.tgz. Extracting by manifest.
61 silly tarball no local data for p-try@https://registry.npmjs.org/p-try/-/p-try-2.2.0.tgz. Extracting by manifest.
62 silly tarball no local data for once@https://registry.npmjs.org/once/-/once-1.4.0.tgz. Extracting by manifest.
63 silly tarball no local data for onetime@https://registry.npmjs.org/onetime/-/onetime-5.1.2.tgz. Extracting by manifest.
64 silly tarball no local data for node-int64@https://registry.npmjs.org/node-int64/-/node-int64-0.4.0.tgz. Extracting by manifest.
65 silly tarball no local data for normalize-path@https://registry.npmjs.org/normalize-path/-/normalize-path-3.0.0.tgz. Extracting by manifest.
66 silly tarball no local data for npm-run-path@https://registry.npmjs.org/npm-run-path/-/npm-run-path-4.0.1.tgz. Extracting by manifest.
67 silly tarball no local data for mimic-fn@https://registry.npmjs.org/mimic-fn/-/mimic-fn-2.1.0.tgz. Extracting by manifest.
68 silly tarball no local data for min-indent@https://registry.npmjs.org/min-indent/-/min-indent-1.0.1.tgz. Extracting by manifest.
69 silly tarball no local data for mime-types@https://registry.npmjs.org/mime-types/-/mime-types-2.1.35.tgz. Extracting by manifest.
70 silly tarball no local data for merge-stream@https://registry.npmjs.org/merge-stream/-/merge-stream-2.0.0.tgz. Extracting by manifest.
71 silly tarball no local data for mime-db@https://registry.npmjs.org/mime-db/-/mime-db-1.52.0.tgz. Extracting by manifest.
72 silly tarball no local data for make-dir@https://registry.npmjs.org/make-dir/-/make-dir-4.0.0.tgz. Extracting by manifest.
73 silly tarball no local data for leven@https://registry.npmjs.org/leven/-/leven-3.1.0.tgz. Extracting by manifest.
74 silly tarball no local data for kleur@https://registry.npmjs.org/kleur/-/kleur-3.0.3.tgz. Extracting by manifest.
75 silly tarball no local data for json-parse-even-better-errors@https://registry.npmjs.org/json-parse-even-better-errors/-/json-parse-even-better-errors-2.3.1.tgz. Extracting by manifest.
76 silly tarball no local data for jest-pnp-resolver@https://registry.npmjs.org/jest-pnp-resolver/-/jest-pnp-resolver-1.2.3.tgz. Extracting by manifest.
77 silly tarball no local data for is-stream@https://registry.npmjs.org/is-stream/-/is-stream-2.0.1.tgz. Extracting by manifest.
78 silly tarball no local data for is-potential-custom-element-name@https://registry.npmjs.org/is-potential-custom-element-name/-/is-potential-custom-element-name-1.0.1.tgz. Extracting by manifest.
79 silly tarball no local data for is-fullwidth-code-point@https://registry.npmjs.org/is-fullwidth-code-point/-/is-fullwidth-code-point-3.0.0.tgz. Extracting by manifest.
80 silly tarball no local data for is-generator-fn@https://registry.npmjs.org/is-generator-fn/-/is-generator-fn-2.1.0.tgz. Extracting by manifest.
81 silly tarball no local data for is-arrayish@https://registry.npmjs.org/is-arrayish/-/is-arrayish-0.2.1.tgz. Extracting by manifest.
82 silly tarball no local data for inherits@https://registry.npmjs.org/inherits/-/inherits-2.0.4.tgz. Extracting by manifest.
83 silly tarball no local data for inflight@https://registry.npmjs.org/inflight/-/inflight-1.0.6.tgz. Extracting by manifest.
84 silly tarball no local data for indent-string@https://registry.npmjs.org/indent-string/-/indent-string-4.0.0.tgz. Extracting by manifest.
85 silly tarball no local data for glob@https://registry.npmjs.org/glob/-/glob-7.2.3.tgz. Extracting by manifest.
86 silly tarball no local data for get-stream@https://registry.npmjs.org/get-stream/-/get-stream-6.0.1.tgz. Extracting by manifest.
87 silly tarball no local data for get-package-type@https://registry.npmjs.org/get-package-type/-/get-package-type-0.1.0.tgz. Extracting by manifest.
88 silly tarball no local data for get-caller-file@https://registry.npmjs.org/get-caller-file/-/get-caller-file-2.0.5.tgz. Extracting by manifest.
89 silly tarball no local data for fs.realpath@https://registry.npmjs.org/fs.realpath/-/fs.realpath-1.0.0.tgz. Extracting by manifest.
90 silly tarball no local data for fsevents@https://registry.npmjs.org/fsevents/-/fsevents-2.3.3.tgz. Extracting by manifest.
91 silly tarball no local data for fb-watchman@https://registry.npmjs.org/fb-watchman/-/fb-watchman-2.0.2.tgz. Extracting by manifest.
92 silly tarball no local data for error-ex@https://registry.npmjs.org/error-ex/-/error-ex-1.3.4.tgz. Extracting by manifest.
93 silly tarball no local data for emittery@https://registry.npmjs.org/emittery/-/emittery-0.13.1.tgz. Extracting by manifest.
94 silly tarball no local data for empathic@https://registry.npmjs.org/empathic/-/empathic-2.0.0.tgz. Extracting by manifest.
95 silly tarball no local data for detect-newline@https://registry.npmjs.org/detect-newline/-/detect-newline-3.1.0.tgz. Extracting by manifest.
96 silly tarball no local data for decimal.js@https://registry.npmjs.org/decimal.js/-/decimal.js-10.6.0.tgz. Extracting by manifest.
97 silly tarball no local data for css.escape@https://registry.npmjs.org/css.escape/-/css.escape-1.5.1.tgz. Extracting by manifest.
98 silly tarball no local data for collect-v8-coverage@https://registry.npmjs.org/collect-v8-coverage/-/collect-v8-coverage-1.0.3.tgz. Extracting by manifest.
99 silly tarball no local data for co@https://registry.npmjs.org/co/-/co-4.6.0.tgz. Extracting by manifest.
100 silly tarball no local data for ci-info@https://registry.npmjs.org/ci-info/-/ci-info-3.9.0.tgz. Extracting by manifest.
101 silly tarball no local data for char-regex@https://registry.npmjs.org/char-regex/-/char-regex-1.0.2.tgz. Extracting by manifest.
102 silly tarball no local data for camelcase@https://registry.npmjs.org/camelcase/-/camelcase-5.3.1.tgz. Extracting by manifest.
103 silly tarball no local data for buffer-from@https://registry.npmjs.org/buffer-from/-/buffer-from-1.1.2.tgz. Extracting by manifest.
104 silly tarball no local data for babel-preset-jest@https://registry.npmjs.org/babel-preset-jest/-/babel-preset-jest-29.6.3.tgz. Extracting by manifest.
105 silly tarball no local data for bser@https://registry.npmjs.org/bser/-/bser-2.1.1.tgz. Extracting by manifest.
106 silly tarball no local data for anymatch@https://registry.npmjs.org/anymatch/-/anymatch-3.1.3.tgz. Extracting by manifest.
107 silly tarball no local data for ansi-regex@https://registry.npmjs.org/ansi-regex/-/ansi-regex-5.0.1.tgz. Extracting by manifest.
108 silly tarball no local data for ansi-escapes@https://registry.npmjs.org/ansi-escapes/-/ansi-escapes-4.3.2.tgz. Extracting by manifest.
109 silly tarball no local data for acorn-globals@https://registry.npmjs.org/acorn-globals/-/acorn-globals-7.0.1.tgz. Extracting by manifest.
110 silly tarball no local data for @types/yargs-parser@https://registry.npmjs.org/@types/yargs-parser/-/yargs-parser-21.0.3.tgz. Extracting by manifest.
111 silly tarball no local data for @types/yargs@https://registry.npmjs.org/@types/yargs/-/yargs-17.0.35.tgz. Extracting by manifest.
112 silly tarball no local data for @types/tough-cookie@https://registry.npmjs.org/@types/tough-cookie/-/tough-cookie-4.0.5.tgz. Extracting by manifest.
113 silly tarball no local data for @types/uuid@https://registry.npmjs.org/@types/uuid/-/uuid-9.0.8.tgz. Extracting by manifest.
114 silly tarball no local data for @types/stack-utils@https://registry.npmjs.org/@types/stack-utils/-/stack-utils-2.0.3.tgz. Extracting by manifest.
115 silly tarball no local data for @types/jsdom@https://registry.npmjs.org/@types/jsdom/-/jsdom-20.0.1.tgz. Extracting by manifest.
116 silly tarball no local data for @types/istanbul-lib-report@https://registry.npmjs.org/@types/istanbul-lib-report/-/istanbul-lib-report-3.0.3.tgz. Extracting by manifest.
117 silly tarball no local data for @types/jest@https://registry.npmjs.org/@types/jest/-/jest-29.5.14.tgz. Extracting by manifest.
118 silly tarball no local data for @types/istanbul-reports@https://registry.npmjs.org/@types/istanbul-reports/-/istanbul-reports-3.0.4.tgz. Extracting by manifest.
119 silly tarball no local data for @types/istanbul-lib-coverage@https://registry.npmjs.org/@types/istanbul-lib-coverage/-/istanbul-lib-coverage-2.0.6.tgz. Extracting by manifest.
120 silly tarball no local data for @types/graceful-fs@https://registry.npmjs.org/@types/graceful-fs/-/graceful-fs-4.1.9.tgz. Extracting by manifest.
121 silly tarball no local data for @types/babel__template@https://registry.npmjs.org/@types/babel__template/-/babel__template-7.4.4.tgz. Extracting by manifest.
122 silly tarball no local data for @types/aria-query@https://registry.npmjs.org/@types/aria-query/-/aria-query-5.0.4.tgz. Extracting by manifest.
123 silly tarball no local data for @types/babel__traverse@https://registry.npmjs.org/@types/babel__traverse/-/babel__traverse-7.28.0.tgz. Extracting by manifest.
124 silly tarball no local data for @types/babel__generator@https://registry.npmjs.org/@types/babel__generator/-/babel__generator-7.27.0.tgz. Extracting by manifest.
125 silly tarball no local data for @types/babel__core@https://registry.npmjs.org/@types/babel__core/-/babel__core-7.20.5.tgz. Extracting by manifest.
126 silly tarball no local data for @prisma/engines-version@https://registry.npmjs.org/@prisma/engines-version/-/engines-version-7.1.1-3.c2990dca591cba766e3b7ef5d9e8a84796e47ab7.tgz. Extracting by manifest.
127 silly tarball no local data for @istanbuljs/load-nyc-config@https://registry.npmjs.org/@istanbuljs/load-nyc-config/-/load-nyc-config-1.1.0.tgz. Extracting by manifest.
128 silly tarball no local data for @istanbuljs/schema@https://registry.npmjs.org/@istanbuljs/schema/-/schema-0.1.3.tgz. Extracting by manifest.
129 silly tarball no local data for resolve-from@https://registry.npmjs.org/resolve-from/-/resolve-from-5.0.0.tgz. Extracting by manifest.
130 silly tarball no local data for escape-string-regexp@https://registry.npmjs.org/escape-string-regexp/-/escape-string-regexp-2.0.0.tgz. Extracting by manifest.
131 silly tarball no local data for ansi-styles@https://registry.npmjs.org/ansi-styles/-/ansi-styles-5.2.0.tgz. Extracting by manifest.
132 silly tarball no local data for locate-path@https://registry.npmjs.org/locate-path/-/locate-path-5.0.0.tgz. Extracting by manifest.
133 silly tarball no local data for p-limit@https://registry.npmjs.org/p-limit/-/p-limit-2.3.0.tgz. Extracting by manifest.
134 silly tarball no local data for p-locate@https://registry.npmjs.org/p-locate/-/p-locate-4.1.0.tgz. Extracting by manifest.
135 silly tarball no local data for find-up@https://registry.npmjs.org/find-up/-/find-up-4.1.0.tgz. Extracting by manifest.
136 silly tarball no local data for supports-color@https://registry.npmjs.org/supports-color/-/supports-color-8.1.1.tgz. Extracting by manifest.
137 silly tarball no local data for ansi-styles@https://registry.npmjs.org/ansi-styles/-/ansi-styles-5.2.0.tgz. Extracting by manifest.
138 silly tarball no local data for ansi-styles@https://registry.npmjs.org/ansi-styles/-/ansi-styles-5.2.0.tgz. Extracting by manifest.
139 silly tarball no local data for camelcase@https://registry.npmjs.org/camelcase/-/camelcase-6.3.0.tgz. Extracting by manifest.
140 silly tarball no local data for ansi-styles@https://registry.npmjs.org/ansi-styles/-/ansi-styles-5.2.0.tgz. Extracting by manifest.
141 silly tarball no local data for strip-bom@https://registry.npmjs.org/strip-bom/-/strip-bom-4.0.0.tgz. Extracting by manifest.
142 silly tarball no local data for ansi-styles@https://registry.npmjs.org/ansi-styles/-/ansi-styles-5.2.0.tgz. Extracting by manifest.
143 silly tarball no local data for ansi-styles@https://registry.npmjs.org/ansi-styles/-/ansi-styles-5.2.0.tgz. Extracting by manifest.
144 silly tarball no local data for ansi-styles@https://registry.npmjs.org/ansi-styles/-/ansi-styles-5.2.0.tgz. Extracting by manifest.
145 silly tarball no local data for ansi-styles@https://registry.npmjs.org/ansi-styles/-/ansi-styles-5.2.0.tgz. Extracting by manifest.
146 silly tarball no local data for ansi-styles@https://registry.npmjs.org/ansi-styles/-/ansi-styles-5.2.0.tgz. Extracting by manifest.
147 silly tarball no local data for ansi-styles@https://registry.npmjs.org/ansi-styles/-/ansi-styles-5.2.0.tgz. Extracting by manifest.
148 silly tarball no local data for ansi-styles@https://registry.npmjs.org/ansi-styles/-/ansi-styles-5.2.0.tgz. Extracting by manifest.
149 silly tarball no local data for ansi-styles@https://registry.npmjs.org/ansi-styles/-/ansi-styles-5.2.0.tgz. Extracting by manifest.
150 silly tarball no local data for resolve-from@https://registry.npmjs.org/resolve-from/-/resolve-from-5.0.0.tgz. Extracting by manifest.
151 silly tarball no local data for find-up@https://registry.npmjs.org/find-up/-/find-up-4.1.0.tgz. Extracting by manifest.
152 silly tarball no local data for p-locate@https://registry.npmjs.org/p-locate/-/p-locate-4.1.0.tgz. Extracting by manifest.
153 silly tarball no local data for ansi-styles@https://registry.npmjs.org/ansi-styles/-/ansi-styles-5.2.0.tgz. Extracting by manifest.
154 silly tarball no local data for locate-path@https://registry.npmjs.org/locate-path/-/locate-path-5.0.0.tgz. Extracting by manifest.
155 silly tarball no local data for p-limit@https://registry.npmjs.org/p-limit/-/p-limit-2.3.0.tgz. Extracting by manifest.
156 silly tarball no local data for write-file-atomic@https://registry.npmjs.org/write-file-atomic/-/write-file-atomic-4.0.2.tgz. Extracting by manifest.
157 silly tarball no local data for xml-name-validator@https://registry.npmjs.org/xml-name-validator/-/xml-name-validator-4.0.0.tgz. Extracting by manifest.
158 silly tarball no local data for ws@https://registry.npmjs.org/ws/-/ws-8.19.0.tgz. Extracting by manifest.
159 silly tarball no local data for webidl-conversions@https://registry.npmjs.org/webidl-conversions/-/webidl-conversions-7.0.0.tgz. Extracting by manifest.
160 silly tarball no local data for walker@https://registry.npmjs.org/walker/-/walker-1.0.8.tgz. Extracting by manifest.
161 silly tarball no local data for whatwg-mimetype@https://registry.npmjs.org/whatwg-mimetype/-/whatwg-mimetype-3.0.0.tgz. Extracting by manifest.
162 silly tarball no local data for w3c-xmlserializer@https://registry.npmjs.org/w3c-xmlserializer/-/w3c-xmlserializer-4.0.0.tgz. Extracting by manifest.
163 silly tarball no local data for whatwg-encoding@https://registry.npmjs.org/whatwg-encoding/-/whatwg-encoding-2.0.0.tgz. Extracting by manifest.
164 silly tarball no local data for whatwg-url@https://registry.npmjs.org/whatwg-url/-/whatwg-url-11.0.0.tgz. Extracting by manifest.
165 silly tarball no local data for v8-to-istanbul@https://registry.npmjs.org/v8-to-istanbul/-/v8-to-istanbul-9.3.0.tgz. Extracting by manifest.
166 silly tarball no local data for url-parse@https://registry.npmjs.org/url-parse/-/url-parse-1.5.10.tgz. Extracting by manifest.
167 silly tarball no local data for type-fest@https://registry.npmjs.org/type-fest/-/type-fest-0.21.3.tgz. Extracting by manifest.
168 silly tarball no local data for tough-cookie@https://registry.npmjs.org/tough-cookie/-/tough-cookie-4.1.4.tgz. Extracting by manifest.
169 silly tarball no local data for tmpl@https://registry.npmjs.org/tmpl/-/tmpl-1.0.5.tgz. Extracting by manifest.
170 silly tarball no local data for tr46@https://registry.npmjs.org/tr46/-/tr46-3.0.0.tgz. Extracting by manifest.
171 silly tarball no local data for tinyexec@https://registry.npmjs.org/tinyexec/-/tinyexec-1.0.2.tgz. Extracting by manifest.
172 silly tarball no local data for symbol-tree@https://registry.npmjs.org/symbol-tree/-/symbol-tree-3.2.4.tgz. Extracting by manifest.
173 silly tarball no local data for sprintf-js@https://registry.npmjs.org/sprintf-js/-/sprintf-js-1.0.3.tgz. Extracting by manifest.
174 silly tarball no local data for sisteransi@https://registry.npmjs.org/sisteransi/-/sisteransi-1.0.5.tgz. Extracting by manifest.
175 silly tarball no local data for source-map@https://registry.npmjs.org/source-map/-/source-map-0.6.1.tgz. Extracting by manifest.
176 silly tarball no local data for resolve.exports@https://registry.npmjs.org/resolve.exports/-/resolve.exports-2.0.3.tgz. Extracting by manifest.
177 silly tarball no local data for readdirp@https://registry.npmjs.org/readdirp/-/readdirp-4.1.2.tgz. Extracting by manifest.
178 silly tarball no local data for rc9@https://registry.npmjs.org/rc9/-/rc9-2.1.2.tgz. Extracting by manifest.
179 silly tarball no local data for psl@https://registry.npmjs.org/psl/-/psl-1.15.0.tgz. Extracting by manifest.
180 silly tarball no local data for pirates@https://registry.npmjs.org/pirates/-/pirates-4.0.7.tgz. Extracting by manifest.
181 silly tarball no local data for pkg-types@https://registry.npmjs.org/pkg-types/-/pkg-types-2.3.0.tgz. Extracting by manifest.
182 silly tarball no local data for perfect-debounce@https://registry.npmjs.org/perfect-debounce/-/perfect-debounce-1.0.0.tgz. Extracting by manifest.
183 silly tarball no local data for makeerror@https://registry.npmjs.org/makeerror/-/makeerror-1.0.12.tgz. Extracting by manifest.
184 silly tarball no local data for istanbul-lib-source-maps@https://registry.npmjs.org/istanbul-lib-source-maps/-/istanbul-lib-source-maps-4.0.1.tgz. Extracting by manifest.
185 silly tarball no local data for istanbul-lib-instrument@https://registry.npmjs.org/istanbul-lib-instrument/-/istanbul-lib-instrument-6.0.3.tgz. Extracting by manifest.
186 silly tarball no local data for istanbul-lib-coverage@https://registry.npmjs.org/istanbul-lib-coverage/-/istanbul-lib-coverage-3.2.2.tgz. Extracting by manifest.
187 silly tarball no local data for istanbul-lib-report@https://registry.npmjs.org/istanbul-lib-report/-/istanbul-lib-report-3.0.1.tgz. Extracting by manifest.
188 silly tarball no local data for https-proxy-agent@https://registry.npmjs.org/https-proxy-agent/-/https-proxy-agent-5.0.1.tgz. Extracting by manifest.
189 silly tarball no local data for http-proxy-agent@https://registry.npmjs.org/http-proxy-agent/-/http-proxy-agent-5.0.0.tgz. Extracting by manifest.
190 silly tarball no local data for html-escaper@https://registry.npmjs.org/html-escaper/-/html-escaper-2.0.2.tgz. Extracting by manifest.
191 silly tarball no local data for html-encoding-sniffer@https://registry.npmjs.org/html-encoding-sniffer/-/html-encoding-sniffer-3.0.0.tgz. Extracting by manifest.
192 silly tarball no local data for form-data@https://registry.npmjs.org/form-data/-/form-data-4.0.5.tgz. Extracting by manifest.
193 silly tarball no local data for execa@https://registry.npmjs.org/execa/-/execa-5.1.1.tgz. Extracting by manifest.
194 silly tarball no local data for exsolve@https://registry.npmjs.org/exsolve/-/exsolve-1.0.8.tgz. Extracting by manifest.
195 silly tarball no local data for dotenv@https://registry.npmjs.org/dotenv/-/dotenv-16.6.1.tgz. Extracting by manifest.
196 silly tarball no local data for domexception@https://registry.npmjs.org/domexception/-/domexception-4.0.0.tgz. Extracting by manifest.
197 silly tarball no local data for dequal@https://registry.npmjs.org/dequal/-/dequal-2.0.3.tgz. Extracting by manifest.
198 silly tarball no local data for defu@https://registry.npmjs.org/defu/-/defu-6.1.4.tgz. Extracting by manifest.
199 silly tarball no local data for destr@https://registry.npmjs.org/destr/-/destr-2.0.5.tgz. Extracting by manifest.
200 silly tarball no local data for delayed-stream@https://registry.npmjs.org/delayed-stream/-/delayed-stream-1.0.0.tgz. Extracting by manifest.
201 silly tarball no local data for dedent@https://registry.npmjs.org/dedent/-/dedent-1.7.1.tgz. Extracting by manifest.
202 silly tarball no local data for deepmerge@https://registry.npmjs.org/deepmerge/-/deepmerge-4.3.1.tgz. Extracting by manifest.
203 silly tarball no local data for data-urls@https://registry.npmjs.org/data-urls/-/data-urls-3.0.2.tgz. Extracting by manifest.
204 silly tarball no local data for deepmerge-ts@https://registry.npmjs.org/deepmerge-ts/-/deepmerge-ts-7.1.5.tgz. Extracting by manifest.
205 silly tarball no local data for cssom@https://registry.npmjs.org/cssom/-/cssom-0.5.0.tgz. Extracting by manifest.
206 silly tarball no local data for combined-stream@https://registry.npmjs.org/combined-stream/-/combined-stream-1.0.8.tgz. Extracting by manifest.
207 silly tarball no local data for citty@https://registry.npmjs.org/citty/-/citty-0.1.6.tgz. Extracting by manifest.
208 silly tarball no local data for cjs-module-lexer@https://registry.npmjs.org/cjs-module-lexer/-/cjs-module-lexer-1.4.3.tgz. Extracting by manifest.
209 silly tarball no local data for chokidar@https://registry.npmjs.org/chokidar/-/chokidar-4.0.3.tgz. Extracting by manifest.
210 silly tarball no local data for babel-plugin-istanbul@https://registry.npmjs.org/babel-plugin-istanbul/-/babel-plugin-istanbul-6.1.1.tgz. Extracting by manifest.
211 silly tarball no local data for asynckit@https://registry.npmjs.org/asynckit/-/asynckit-0.4.0.tgz. Extracting by manifest.
212 silly tarball no local data for acorn-walk@https://registry.npmjs.org/acorn-walk/-/acorn-walk-8.3.5.tgz. Extracting by manifest.
213 silly tarball no local data for abab@https://registry.npmjs.org/abab/-/abab-2.0.6.tgz. Extracting by manifest.
214 silly tarball no local data for @tootallnate/once@https://registry.npmjs.org/@tootallnate/once/-/once-2.0.0.tgz. Extracting by manifest.
215 silly tarball no local data for @sinonjs/fake-timers@https://registry.npmjs.org/@sinonjs/fake-timers/-/fake-timers-10.3.0.tgz. Extracting by manifest.
216 silly tarball no local data for @standard-schema/spec@https://registry.npmjs.org/@standard-schema/spec/-/spec-1.1.0.tgz. Extracting by manifest.
217 silly tarball no local data for @prisma/fetch-engine@https://registry.npmjs.org/@prisma/fetch-engine/-/fetch-engine-6.19.2.tgz. Extracting by manifest.
218 silly tarball no local data for @prisma/debug@https://registry.npmjs.org/@prisma/debug/-/debug-6.19.2.tgz. Extracting by manifest.
219 silly tarball no local data for @prisma/config@https://registry.npmjs.org/@prisma/config/-/config-6.19.2.tgz. Extracting by manifest.
220 silly tarball no local data for @sinclair/typebox@https://registry.npmjs.org/@sinclair/typebox/-/typebox-0.27.10.tgz. Extracting by manifest.
221 silly tarball no local data for @prisma/client@https://registry.npmjs.org/@prisma/client/-/client-6.19.2.tgz. Extracting by manifest.
222 silly tarball no local data for @babel/plugin-syntax-typescript@https://registry.npmjs.org/@babel/plugin-syntax-typescript/-/plugin-syntax-typescript-7.28.6.tgz. Extracting by manifest.
223 silly tarball no local data for @babel/plugin-syntax-optional-chaining@https://registry.npmjs.org/@babel/plugin-syntax-optional-chaining/-/plugin-syntax-optional-chaining-7.8.3.tgz. Extracting by manifest.
224 silly tarball no local data for @babel/plugin-syntax-top-level-await@https://registry.npmjs.org/@babel/plugin-syntax-top-level-await/-/plugin-syntax-top-level-await-7.14.5.tgz. Extracting by manifest.
225 silly tarball no local data for @babel/plugin-syntax-optional-catch-binding@https://registry.npmjs.org/@babel/plugin-syntax-optional-catch-binding/-/plugin-syntax-optional-catch-binding-7.8.3.tgz. Extracting by manifest.
226 silly tarball no local data for @babel/plugin-syntax-nullish-coalescing-operator@https://registry.npmjs.org/@babel/plugin-syntax-nullish-coalescing-operator/-/plugin-syntax-nullish-coalescing-operator-7.8.3.tgz. Extracting by manifest.
227 silly tarball no local data for @babel/plugin-syntax-json-strings@https://registry.npmjs.org/@babel/plugin-syntax-json-strings/-/plugin-syntax-json-strings-7.8.3.tgz. Extracting by manifest.
228 silly tarball no local data for @babel/plugin-syntax-jsx@https://registry.npmjs.org/@babel/plugin-syntax-jsx/-/plugin-syntax-jsx-7.28.6.tgz. Extracting by manifest.
229 silly tarball no local data for @babel/plugin-syntax-private-property-in-object@https://registry.npmjs.org/@babel/plugin-syntax-private-property-in-object/-/plugin-syntax-private-property-in-object-7.14.5.tgz. Extracting by manifest.
230 silly tarball no local data for @babel/plugin-syntax-bigint@https://registry.npmjs.org/@babel/plugin-syntax-bigint/-/plugin-syntax-bigint-7.8.3.tgz. Extracting by manifest.
231 silly tarball no local data for @babel/plugin-syntax-class-static-block@https://registry.npmjs.org/@babel/plugin-syntax-class-static-block/-/plugin-syntax-class-static-block-7.14.5.tgz. Extracting by manifest.
232 silly tarball no local data for @babel/plugin-syntax-import-meta@https://registry.npmjs.org/@babel/plugin-syntax-import-meta/-/plugin-syntax-import-meta-7.10.4.tgz. Extracting by manifest.
233 silly tarball no local data for @babel/plugin-syntax-class-properties@https://registry.npmjs.org/@babel/plugin-syntax-class-properties/-/plugin-syntax-class-properties-7.12.13.tgz. Extracting by manifest.
234 silly tarball no local data for @babel/plugin-syntax-logical-assignment-operators@https://registry.npmjs.org/@babel/plugin-syntax-logical-assignment-operators/-/plugin-syntax-logical-assignment-operators-7.10.4.tgz. Extracting by manifest.
235 silly tarball no local data for @babel/plugin-syntax-import-attributes@https://registry.npmjs.org/@babel/plugin-syntax-import-attributes/-/plugin-syntax-import-attributes-7.28.6.tgz. Extracting by manifest.
236 silly tarball no local data for @babel/plugin-syntax-numeric-separator@https://registry.npmjs.org/@babel/plugin-syntax-numeric-separator/-/plugin-syntax-numeric-separator-7.10.4.tgz. Extracting by manifest.
237 silly tarball no local data for @babel/plugin-syntax-async-generators@https://registry.npmjs.org/@babel/plugin-syntax-async-generators/-/plugin-syntax-async-generators-7.8.4.tgz. Extracting by manifest.
238 silly tarball no local data for @babel/helper-plugin-utils@https://registry.npmjs.org/@babel/helper-plugin-utils/-/helper-plugin-utils-7.28.6.tgz. Extracting by manifest.
239 silly tarball no local data for @babel/plugin-syntax-object-rest-spread@https://registry.npmjs.org/@babel/plugin-syntax-object-rest-spread/-/plugin-syntax-object-rest-spread-7.8.3.tgz. Extracting by manifest.
240 silly tarball no local data for emoji-regex@https://registry.npmjs.org/emoji-regex/-/emoji-regex-8.0.0.tgz. Extracting by manifest.
241 silly tarball no local data for react-is@https://registry.npmjs.org/react-is/-/react-is-18.3.1.tgz. Extracting by manifest.
242 silly tarball no local data for react-is@https://registry.npmjs.org/react-is/-/react-is-17.0.2.tgz. Extracting by manifest.
243 silly tarball no local data for react-is@https://registry.npmjs.org/react-is/-/react-is-18.3.1.tgz. Extracting by manifest.
244 silly tarball no local data for react-is@https://registry.npmjs.org/react-is/-/react-is-18.3.1.tgz. Extracting by manifest.
245 silly tarball no local data for react-is@https://registry.npmjs.org/react-is/-/react-is-18.3.1.tgz. Extracting by manifest.
246 silly tarball no local data for react-is@https://registry.npmjs.org/react-is/-/react-is-18.3.1.tgz. Extracting by manifest.
247 silly tarball no local data for react-is@https://registry.npmjs.org/react-is/-/react-is-18.3.1.tgz. Extracting by manifest.
248 silly tarball no local data for react-is@https://registry.npmjs.org/react-is/-/react-is-18.3.1.tgz. Extracting by manifest.
249 silly tarball no local data for react-is@https://registry.npmjs.org/react-is/-/react-is-18.3.1.tgz. Extracting by manifest.
250 silly tarball no local data for react-is@https://registry.npmjs.org/react-is/-/react-is-18.3.1.tgz. Extracting by manifest.
251 silly tarball no local data for cssom@https://registry.npmjs.org/cssom/-/cssom-0.3.8.tgz. Extracting by manifest.
252 silly tarball no local data for react-is@https://registry.npmjs.org/react-is/-/react-is-18.3.1.tgz. Extracting by manifest.
253 silly tarball no local data for react-is@https://registry.npmjs.org/react-is/-/react-is-18.3.1.tgz. Extracting by manifest.
254 silly tarball no local data for istanbul-lib-instrument@https://registry.npmjs.org/istanbul-lib-instrument/-/istanbul-lib-instrument-5.2.1.tgz. Extracting by manifest.
255 silly tarball no local data for react-is@https://registry.npmjs.org/react-is/-/react-is-18.3.1.tgz. Extracting by manifest.
256 silly tarball no local data for nypm@https://registry.npmjs.org/nypm/-/nypm-0.6.5.tgz. Extracting by manifest.
257 silly tarball no local data for import-local@https://registry.npmjs.org/import-local/-/import-local-3.2.0.tgz. Extracting by manifest.
258 silly tarball no local data for esprima@https://registry.npmjs.org/esprima/-/esprima-4.0.1.tgz. Extracting by manifest.
259 silly tarball no local data for escodegen@https://registry.npmjs.org/escodegen/-/escodegen-2.1.0.tgz. Extracting by manifest.
260 silly tarball no local data for semver@https://registry.npmjs.org/semver/-/semver-7.7.4.tgz. Extracting by manifest.
261 silly tarball no local data for semver@https://registry.npmjs.org/semver/-/semver-7.7.4.tgz. Extracting by manifest.
262 silly tarball no local data for semver@https://registry.npmjs.org/semver/-/semver-7.7.4.tgz. Extracting by manifest.
263 silly tarball no local data for xmlchars@https://registry.npmjs.org/xmlchars/-/xmlchars-2.2.0.tgz. Extracting by manifest.
264 silly tarball no local data for pathe@https://registry.npmjs.org/pathe/-/pathe-2.0.3.tgz. Extracting by manifest.
265 silly tarball no local data for prompts@https://registry.npmjs.org/prompts/-/prompts-2.4.2.tgz. Extracting by manifest.
266 silly tarball no local data for nwsapi@https://registry.npmjs.org/nwsapi/-/nwsapi-2.2.23.tgz. Extracting by manifest.
267 silly tarball no local data for node-fetch-native@https://registry.npmjs.org/node-fetch-native/-/node-fetch-native-1.6.7.tgz. Extracting by manifest.
268 silly tarball no local data for nodemailer@https://registry.npmjs.org/nodemailer/-/nodemailer-8.0.1.tgz. Extracting by manifest.
269 silly tarball no local data for iconv-lite@https://registry.npmjs.org/iconv-lite/-/iconv-lite-0.6.3.tgz. Extracting by manifest.
270 silly tarball no local data for exit@https://registry.npmjs.org/exit/-/exit-0.1.2.tgz. Extracting by manifest.
271 silly tarball no local data for dom-accessibility-api@https://registry.npmjs.org/dom-accessibility-api/-/dom-accessibility-api-0.5.16.tgz. Extracting by manifest.
272 silly tarball no local data for consola@https://registry.npmjs.org/consola/-/consola-3.4.2.tgz. Extracting by manifest.
273 silly tarball no local data for cssstyle@https://registry.npmjs.org/cssstyle/-/cssstyle-2.3.0.tgz. Extracting by manifest.
274 silly tarball no local data for c12@https://registry.npmjs.org/c12/-/c12-3.1.0.tgz. Extracting by manifest.
275 silly tarball no local data for babel-preset-current-node-syntax@https://registry.npmjs.org/babel-preset-current-node-syntax/-/babel-preset-current-node-syntax-1.2.0.tgz. Extracting by manifest.
276 silly tarball no local data for agent-base@https://registry.npmjs.org/agent-base/-/agent-base-6.0.2.tgz. Extracting by manifest.
277 silly tarball no local data for @testing-library/react@https://registry.npmjs.org/@testing-library/react/-/react-16.3.2.tgz. Extracting by manifest.
278 silly tarball no local data for @types/nodemailer@https://registry.npmjs.org/@types/nodemailer/-/nodemailer-7.0.11.tgz. Extracting by manifest.
279 silly tarball no local data for @prisma/engines@https://registry.npmjs.org/@prisma/engines/-/engines-6.19.2.tgz. Extracting by manifest.
280 silly tarball no local data for @testing-library/dom@https://registry.npmjs.org/@testing-library/dom/-/dom-10.4.1.tgz. Extracting by manifest.
281 silly tarball no local data for @prisma/get-platform@https://registry.npmjs.org/@prisma/get-platform/-/get-platform-6.19.2.tgz. Extracting by manifest.
282 silly tarball no local data for @sinonjs/commons@https://registry.npmjs.org/@sinonjs/commons/-/commons-3.0.1.tgz. Extracting by manifest.
283 silly tarball no local data for @adobe/css-tools@https://registry.npmjs.org/@adobe/css-tools/-/css-tools-4.4.4.tgz. Extracting by manifest.
284 silly tarball no local data for dom-accessibility-api@https://registry.npmjs.org/dom-accessibility-api/-/dom-accessibility-api-0.6.3.tgz. Extracting by manifest.
285 silly tarball no local data for uuid@https://registry.npmjs.org/uuid/-/uuid-9.0.1.tgz. Extracting by manifest.
286 silly tarball no local data for giget@https://registry.npmjs.org/giget/-/giget-2.0.0.tgz. Extracting by manifest.
287 silly tarball no local data for parse5@https://registry.npmjs.org/parse5/-/parse5-7.3.0.tgz. Extracting by manifest.
288 silly tarball no local data for ohash@https://registry.npmjs.org/ohash/-/ohash-2.0.11.tgz. Extracting by manifest.
289 silly tarball no local data for entities@https://registry.npmjs.org/entities/-/entities-6.0.1.tgz. Extracting by manifest.
290 silly tarball no local data for confbox@https://registry.npmjs.org/confbox/-/confbox-0.2.4.tgz. Extracting by manifest.
291 silly tarball no local data for @testing-library/jest-dom@https://registry.npmjs.org/@testing-library/jest-dom/-/jest-dom-6.9.1.tgz. Extracting by manifest.
292 silly tarball no local data for @bcoe/v8-coverage@https://registry.npmjs.org/@bcoe/v8-coverage/-/v8-coverage-0.2.3.tgz. Extracting by manifest.
293 silly tarball no local data for citty@https://registry.npmjs.org/citty/-/citty-0.2.1.tgz. Extracting by manifest.
294 silly tarball no local data for argparse@https://registry.npmjs.org/argparse/-/argparse-1.0.10.tgz. Extracting by manifest.
295 silly tarball no local data for lz-string@https://registry.npmjs.org/lz-string/-/lz-string-1.5.0.tgz. Extracting by manifest.
296 silly tarball no local data for istanbul-reports@https://registry.npmjs.org/istanbul-reports/-/istanbul-reports-3.2.0.tgz. Extracting by manifest.
297 silly tarball no local data for @testing-library/user-event@https://registry.npmjs.org/@testing-library/user-event/-/user-event-14.6.1.tgz. Extracting by manifest.
298 silly tarball no local data for aria-query@https://registry.npmjs.org/aria-query/-/aria-query-5.3.0.tgz. Extracting by manifest.
299 silly tarball no local data for js-yaml@https://registry.npmjs.org/js-yaml/-/js-yaml-3.14.2.tgz. Extracting by manifest.
300 http fetch GET 200 https://registry.npmjs.org/rgbcolor 5603ms (cache miss)
301 http fetch GET 200 https://registry.npmjs.org/resolve-from 5613ms (cache miss)
302 http fetch GET 200 https://registry.npmjs.org/yocto-queue 5654ms (cache miss)
303 http fetch GET 200 https://registry.npmjs.org/path-parse 5675ms (cache miss)
304 http fetch GET 200 https://registry.npmjs.org/run-parallel 5690ms (cache miss)
305 http fetch GET 200 https://registry.npmjs.org/natural-compare 5691ms (cache miss)
306 http fetch GET 200 https://registry.npmjs.org/is-number 5693ms (cache miss)
307 http fetch GET 200 https://registry.npmjs.org/isarray 5697ms (cache miss)
308 http fetch GET 200 https://registry.npmjs.org/eslint-module-utils 5683ms (cache miss)
309 http fetch GET 200 https://registry.npmjs.org/stack-utils/-/stack-utils-2.0.6.tgz 5396ms (cache miss)
310 http fetch GET 200 https://registry.npmjs.org/p-try/-/p-try-2.2.0.tgz 5299ms (cache miss)
311 http fetch GET 200 https://registry.npmjs.org/color-name 5558ms (cache miss)
312 http fetch GET 200 https://registry.npmjs.org/once/-/once-1.4.0.tgz 5299ms (cache miss)
313 http fetch GET 200 https://registry.npmjs.org/merge-stream/-/merge-stream-2.0.0.tgz 5276ms (cache miss)
314 http fetch GET 200 https://registry.npmjs.org/callsites 5557ms (cache miss)
315 http fetch GET 200 https://registry.npmjs.org/mime-types/-/mime-types-2.1.35.tgz 5277ms (cache miss)
316 http fetch GET 200 https://registry.npmjs.org/client-only 5560ms (cache miss)
317 http fetch GET 200 https://registry.npmjs.org/@types%2fraf 5515ms (cache miss)
318 http fetch GET 200 https://registry.npmjs.org/is-potential-custom-element-name/-/is-potential-custom-element-name-1.0.1.tgz 5192ms (cache miss)
319 http fetch GET 200 https://registry.npmjs.org/get-package-type/-/get-package-type-0.1.0.tgz 5179ms (cache miss)
320 http fetch GET 200 https://registry.npmjs.org/wrappy/-/wrappy-1.0.2.tgz 5438ms (cache miss)
321 silly tarball no local data for pure-rand@https://registry.npmjs.org/pure-rand/-/pure-rand-6.1.0.tgz. Extracting by manifest.
322 http fetch GET 200 https://registry.npmjs.org/@nolyfill%2fis-core-module 5517ms (cache miss)
323 http fetch GET 200 https://registry.npmjs.org/universalify/-/universalify-0.2.0.tgz 5444ms (cache miss)
324 http fetch GET 200 https://registry.npmjs.org/emittery/-/emittery-0.13.1.tgz 5080ms (cache miss)
325 http fetch GET 200 https://registry.npmjs.org/css.escape/-/css.escape-1.5.1.tgz 4811ms (cache miss)
326 http fetch GET 200 https://registry.npmjs.org/bser/-/bser-2.1.1.tgz 4727ms (cache miss)
327 http fetch GET 200 https://registry.npmjs.org/camelcase/-/camelcase-5.3.1.tgz 4736ms (cache miss)
328 http fetch GET 200 https://registry.npmjs.org/p-locate 5764ms (cache miss)
329 http fetch GET 200 https://registry.npmjs.org/object-assign 5765ms (cache miss)
330 silly tarball no local data for jsdom@https://registry.npmjs.org/jsdom/-/jsdom-20.0.3.tgz. Extracting by manifest.
331 http fetch GET 200 https://registry.npmjs.org/shebang-command 5802ms (cache miss)
332 http fetch GET 200 https://registry.npmjs.org/word-wrap 5814ms (cache miss)
333 http fetch GET 200 https://registry.npmjs.org/has-flag 5777ms (cache miss)
334 http fetch GET 200 https://registry.npmjs.org/eslint-import-resolver-node 5774ms (cache miss)
335 http fetch GET 200 https://registry.npmjs.org/is-extglob 5788ms (cache miss)
336 http fetch GET 200 https://registry.npmjs.org/escape-string-regexp 5776ms (cache miss)
337 http fetch GET 200 https://registry.npmjs.org/imurmurhash 5792ms (cache miss)
338 http fetch GET 200 https://registry.npmjs.org/parent-module 5813ms (cache miss)
339 http fetch GET 200 https://registry.npmjs.org/esrecurse 5785ms (cache miss)
340 http fetch GET 200 https://registry.npmjs.org/test-exclude/-/test-exclude-6.0.0.tgz 5511ms (cache miss)
341 http fetch GET 200 https://registry.npmjs.org/string-length/-/string-length-4.0.2.tgz 5503ms (cache miss)
342 http fetch GET 200 https://registry.npmjs.org/string-width/-/string-width-4.2.3.tgz 5501ms (cache miss)
343 http fetch GET 200 https://registry.npmjs.org/slash/-/slash-3.0.0.tgz 5499ms (cache miss)
344 http fetch GET 200 https://registry.npmjs.org/@img%2fcolour 5602ms (cache miss)
345 http fetch GET 200 https://registry.npmjs.org/@types/istanbul-reports/-/istanbul-reports-3.0.4.tgz 4746ms (cache miss)
346 silly tarball no local data for effect@https://registry.npmjs.org/effect/-/effect-3.18.4.tgz. Extracting by manifest.
347 http fetch GET 200 https://registry.npmjs.org/strip-bom/-/strip-bom-4.0.0.tgz 4165ms (cache miss)
348 http fetch GET 200 https://registry.npmjs.org/normalize-path/-/normalize-path-3.0.0.tgz 5396ms (cache miss)
349 http fetch GET 200 https://registry.npmjs.org/find-up/-/find-up-4.1.0.tgz 4155ms (cache miss)
350 http fetch GET 200 https://registry.npmjs.org/escape-string-regexp/-/escape-string-regexp-2.0.0.tgz 4183ms (cache miss)
351 http fetch GET 200 https://registry.npmjs.org/@unrs%2fresolver-binding-darwin-arm64 5621ms (cache miss)
352 http fetch GET 200 https://registry.npmjs.org/p-locate/-/p-locate-4.1.0.tgz 4178ms (cache miss)
353 http fetch GET 200 https://registry.npmjs.org/make-dir/-/make-dir-4.0.0.tgz 5384ms (cache miss)
354 http fetch GET 200 https://registry.npmjs.org/@types%2fjson5 5622ms (cache miss)
355 http fetch GET 200 https://registry.npmjs.org/@types%2fjson-schema 5622ms (cache miss)
356 http fetch GET 200 https://registry.npmjs.org/signal-exit/-/signal-exit-3.0.7.tgz 5512ms (cache miss)
357 http fetch GET 200 https://registry.npmjs.org/@prisma/engines-version/-/engines-version-7.1.1-3.c2990dca591cba766e3b7ef5d9e8a84796e47ab7.tgz 4706ms (cache miss)
358 http fetch GET 200 https://registry.npmjs.org/inflight/-/inflight-1.0.6.tgz 5300ms (cache miss)
359 warn deprecated inflight@1.0.6: This module is not supported, and leaks memory. Do not use it. Check out lru-cache if you want a good and tested way to coalesce async requests by a key value, which is much more comprehensive and powerful.
360 http fetch GET 200 https://registry.npmjs.org/@eslint-community%2feslint-utils 5617ms (cache miss)
361 http fetch GET 200 https://registry.npmjs.org/wrap-ansi/-/wrap-ansi-7.0.0.tgz 5550ms (cache miss)
362 http fetch GET 200 https://registry.npmjs.org/is-arrayish/-/is-arrayish-0.2.1.tgz 5306ms (cache miss)
363 http fetch GET 200 https://registry.npmjs.org/strip-json-comments 5867ms (cache miss)
364 http fetch GET 200 https://registry.npmjs.org/shebang-regex 5870ms (cache miss)
365 http fetch GET 200 https://registry.npmjs.org/which-boxed-primitive 3787ms (cache miss)
366 http fetch GET 200 https://registry.npmjs.org/type-check 3815ms (cache miss)
367 http fetch GET 200 https://registry.npmjs.org/word 5946ms (cache miss)
368 http fetch GET 200 https://registry.npmjs.org/stable-hash 3818ms (cache miss)
369 http fetch GET 200 https://registry.npmjs.org/path-exists 5928ms (cache miss)
370 http fetch GET 200 https://registry.npmjs.org/ansi-regex/-/ansi-regex-5.0.1.tgz 4878ms (cache miss)
371 http fetch GET 200 https://registry.npmjs.org/object.fromentries 3793ms (cache miss)
372 http fetch GET 200 https://registry.npmjs.org/side-channel-weakmap 3820ms (cache miss)
373 http fetch GET 200 https://registry.npmjs.org/isexe 3727ms (cache miss)
374 http fetch GET 200 https://registry.npmjs.org/json-stable-stringify-without-jsonify 3732ms (cache miss)
375 http fetch GET 200 https://registry.npmjs.org/resolve-cwd/-/resolve-cwd-3.0.0.tgz 5560ms (cache miss)
376 http fetch GET 200 https://registry.npmjs.org/redent/-/redent-3.0.0.tgz 5557ms (cache miss)
377 http fetch GET 200 https://registry.npmjs.org/requires-port/-/requires-port-1.0.0.tgz 5558ms (cache miss)
378 http fetch GET 200 https://registry.npmjs.org/fill-range 5928ms (cache miss)
379 http fetch GET 200 https://registry.npmjs.org/import-fresh 5937ms (cache miss)
380 http fetch GET 200 https://registry.npmjs.org/querystringify/-/querystringify-2.2.0.tgz 5537ms (cache miss)
381 http fetch GET 200 https://registry.npmjs.org/find-up 5935ms (cache miss)
382 http fetch GET 200 https://registry.npmjs.org/fast-levenshtein 5938ms (cache miss)
383 http fetch GET 200 https://registry.npmjs.org/@types/babel__traverse/-/babel__traverse-7.28.0.tgz 4877ms (cache miss)
384 http fetch GET 200 https://registry.npmjs.org/strip-ansi/-/strip-ansi-6.0.1.tgz 5647ms (cache miss)
385 http fetch GET 200 https://registry.npmjs.org/strip-indent/-/strip-indent-3.0.0.tgz 5655ms (cache miss)
386 http fetch GET 200 https://registry.npmjs.org/is-finalizationregistry 3749ms (cache miss)
387 http fetch GET 200 https://registry.npmjs.org/@istanbuljs/schema/-/schema-0.1.3.tgz 4407ms (cache miss)
388 http fetch GET 200 https://registry.npmjs.org/is-date-object 3740ms (cache miss)
389 http fetch GET 200 https://registry.npmjs.org/p-limit 5968ms (cache miss)
390 http fetch GET 200 https://registry.npmjs.org/@types/jsdom/-/jsdom-20.0.1.tgz 4904ms (cache miss)
391 http fetch GET 200 https://registry.npmjs.org/is-bun-module 3681ms (cache miss)
392 http fetch GET 200 https://registry.npmjs.org/is-data-view 3679ms (cache miss)
393 http fetch GET 200 https://registry.npmjs.org/parse-json/-/parse-json-5.2.0.tgz 5549ms (cache miss)
394 http fetch GET 200 https://registry.npmjs.org/pkg-dir/-/pkg-dir-4.2.0.tgz 5551ms (cache miss)
395 http fetch GET 200 https://registry.npmjs.org/is-shared-array-buffer 3691ms (cache miss)
396 http fetch GET 200 https://registry.npmjs.org/npm-run-path/-/npm-run-path-4.0.1.tgz 5543ms (cache miss)
397 http fetch GET 200 https://registry.npmjs.org/path-is-absolute/-/path-is-absolute-1.0.1.tgz 5551ms (cache miss)
398 http fetch GET 200 https://registry.npmjs.org/has-property-descriptors 3680ms (cache miss)
399 http fetch GET 200 https://registry.npmjs.org/onetime/-/onetime-5.1.2.tgz 5548ms (cache miss)
400 http fetch GET 200 https://registry.npmjs.org/min-indent/-/min-indent-1.0.1.tgz 5529ms (cache miss)
401 http fetch GET 200 https://registry.npmjs.org/convert-source-map 5829ms (cache miss)
402 http fetch GET 200 https://registry.npmjs.org/is-bigint 3715ms (cache miss)
403 http fetch GET 200 https://registry.npmjs.org/brace-expansion 5809ms (cache miss)
404 http fetch GET 200 https://registry.npmjs.org/@types%2festree 5762ms (cache miss)
405 http fetch GET 200 https://registry.npmjs.org/wmf 3885ms (cache miss)
406 http fetch GET 200 https://registry.npmjs.org/leven/-/leven-3.1.0.tgz 5506ms (cache miss)
407 http fetch GET 200 https://registry.npmjs.org/side-channel-map 3871ms (cache miss)
408 http fetch GET 200 https://registry.npmjs.org/is-stream/-/is-stream-2.0.1.tgz 5448ms (cache miss)
409 http fetch GET 200 https://registry.npmjs.org/is-fullwidth-code-point/-/is-fullwidth-code-point-3.0.0.tgz 5446ms (cache miss)
410 http fetch GET 200 https://registry.npmjs.org/globalthis 3686ms (cache miss)
411 http fetch GET 200 https://registry.npmjs.org/file-entry-cache 5957ms (cache miss)
412 http fetch GET 200 https://registry.npmjs.org/is-generator-fn/-/is-generator-fn-2.1.0.tgz 5446ms (cache miss)
413 http fetch GET 200 https://registry.npmjs.org/fb-watchman/-/fb-watchman-2.0.2.tgz 5403ms (cache miss)
414 http fetch GET 200 https://registry.npmjs.org/detect-newline/-/detect-newline-3.1.0.tgz 5100ms (cache miss)
415 http fetch GET 200 https://registry.npmjs.org/error-ex/-/error-ex-1.3.4.tgz 5386ms (cache miss)
416 http fetch GET 200 https://registry.npmjs.org/get-caller-file/-/get-caller-file-2.0.5.tgz 5434ms (cache miss)
417 http fetch GET 200 https://registry.npmjs.org/inherits/-/inherits-2.0.4.tgz 5446ms (cache miss)
418 http fetch GET 200 https://registry.npmjs.org/yallist 6012ms (cache miss)
419 http fetch GET 200 https://registry.npmjs.org/json-parse-even-better-errors/-/json-parse-even-better-errors-2.3.1.tgz 5462ms (cache miss)
420 http fetch GET 200 https://registry.npmjs.org/type-detect/-/type-detect-4.0.8.tgz 5686ms (cache miss)
421 http fetch GET 200 https://registry.npmjs.org/data-view-byte-offset 3486ms (cache miss)
422 http fetch GET 200 https://registry.npmjs.org/collect-v8-coverage/-/collect-v8-coverage-1.0.3.tgz 5009ms (cache miss)
423 http fetch GET 200 https://registry.npmjs.org/buffer-from/-/buffer-from-1.1.2.tgz 4988ms (cache miss)
424 http fetch GET 200 https://registry.npmjs.org/babel-preset-jest/-/babel-preset-jest-29.6.3.tgz 4988ms (cache miss)
425 http fetch GET 200 https://registry.npmjs.org/es-errors 3685ms (cache miss)
426 http fetch GET 200 https://registry.npmjs.org/data-view-buffer 3462ms (cache miss)
427 http fetch GET 200 https://registry.npmjs.org/unbox-primitive 3914ms (cache miss)
428 http fetch GET 200 https://registry.npmjs.org/typed-array-byte-length 3915ms (cache miss)
429 http fetch GET 200 https://registry.npmjs.org/strip-bom 6032ms (cache miss)
430 http fetch GET 200 https://registry.npmjs.org/string.prototype.trimstart 3907ms (cache miss)
431 http fetch GET 200 https://registry.npmjs.org/supports-preserve-symlinks-flag 3914ms (cache miss)
432 http fetch GET 200 https://registry.npmjs.org/loose-envify 5542ms (cache miss)
433 http fetch GET 200 https://registry.npmjs.org/anymatch/-/anymatch-3.1.3.tgz 4971ms (cache miss)
434 http fetch GET 200 https://registry.npmjs.org/ms 6018ms (cache miss)
435 http fetch GET 200 https://registry.npmjs.org/picocolors 6024ms (cache miss)
436 http fetch GET 200 https://registry.npmjs.org/optionator 3887ms (cache miss)
437 http fetch GET 200 https://registry.npmjs.org/language-tags 3833ms (cache miss)
438 http fetch GET 200 https://registry.npmjs.org/require-directory/-/require-directory-2.1.1.tgz 5646ms (cache miss)
439 http fetch GET 200 https://registry.npmjs.org/lodash.merge 6024ms (cache miss)
440 http fetch GET 200 https://registry.npmjs.org/@rtsao%2fscc 5815ms (cache miss)
441 http fetch GET 200 https://registry.npmjs.org/locate-path 6024ms (cache miss)
442 http fetch GET 200 https://registry.npmjs.org/acorn-globals/-/acorn-globals-7.0.1.tgz 4979ms (cache miss)
443 http fetch GET 200 https://registry.npmjs.org/is-glob 6015ms (cache miss)
444 http fetch GET 200 https://registry.npmjs.org/strip-final-newline/-/strip-final-newline-2.0.0.tgz 5724ms (cache miss)
445 http fetch GET 200 https://registry.npmjs.org/raf 6047ms (cache miss)
446 http fetch GET 200 https://registry.npmjs.org/@types/stack-utils/-/stack-utils-2.0.3.tgz 4974ms (cache miss)
447 http fetch GET 200 https://registry.npmjs.org/@types/uuid/-/uuid-9.0.8.tgz 4981ms (cache miss)
448 http fetch GET 200 https://registry.npmjs.org/path-key 6041ms (cache miss)
449 http fetch GET 200 https://registry.npmjs.org/@types/istanbul-lib-coverage/-/istanbul-lib-coverage-2.0.6.tgz 4955ms (cache miss)
450 http fetch GET 200 https://registry.npmjs.org/@types/aria-query/-/aria-query-5.0.4.tgz 4954ms (cache miss)
451 http fetch GET 200 https://registry.npmjs.org/saxes/-/saxes-6.0.0.tgz 5661ms (cache miss)
452 http fetch GET 200 https://registry.npmjs.org/locate-path/-/locate-path-5.0.0.tgz 4390ms (cache miss)
453 http fetch GET 200 https://registry.npmjs.org/js-tokens 6027ms (cache miss)
454 http fetch GET 200 https://registry.npmjs.org/@types%2fbcryptjs 5830ms (cache miss)
455 http fetch GET 200 https://registry.npmjs.org/ansi-styles/-/ansi-styles-5.2.0.tgz 4395ms (cache miss)
456 http fetch GET 200 https://registry.npmjs.org/resolve-from/-/resolve-from-5.0.0.tgz 4399ms (cache miss)
457 http fetch GET 200 https://registry.npmjs.org/camelcase/-/camelcase-6.3.0.tgz 4385ms (cache miss)
458 http fetch GET 200 https://registry.npmjs.org/p-locate/-/p-locate-4.1.0.tgz 4373ms (cache miss)
459 http fetch GET 200 https://registry.npmjs.org/@types/babel__core/-/babel__core-7.20.5.tgz 4957ms (cache miss)
460 http fetch GET 200 https://registry.npmjs.org/node-int64/-/node-int64-0.4.0.tgz 5618ms (cache miss)
461 http fetch GET 200 https://registry.npmjs.org/mimic-fn/-/mimic-fn-2.1.0.tgz 5608ms (cache miss)
462 http fetch GET 200 https://registry.npmjs.org/function.prototype.name 3752ms (cache miss)
463 http fetch GET 200 https://registry.npmjs.org/set-function-name 3941ms (cache miss)
464 http fetch GET 200 https://registry.npmjs.org/safe-push-apply 3942ms (cache miss)
465 http fetch GET 200 https://registry.npmjs.org/indent-string/-/indent-string-4.0.0.tgz 5517ms (cache miss)
466 http fetch GET 200 https://registry.npmjs.org/get-stream/-/get-stream-6.0.1.tgz 5510ms (cache miss)
467 http fetch GET 200 https://registry.npmjs.org/empathic/-/empathic-2.0.0.tgz 5205ms (cache miss)
468 http fetch GET 200 https://registry.npmjs.org/fs.realpath/-/fs.realpath-1.0.0.tgz 5505ms (cache miss)
469 http fetch GET 200 https://registry.npmjs.org/glob-parent 5826ms (cache miss)
470 http fetch GET 200 https://registry.npmjs.org/jest-pnp-resolver/-/jest-pnp-resolver-1.2.3.tgz 5531ms (cache miss)
471 http fetch GET 200 https://registry.npmjs.org/is-async-function 3765ms (cache miss)
472 http fetch GET 200 https://registry.npmjs.org/co/-/co-4.6.0.tgz 5064ms (cache miss)
473 http fetch GET 200 https://registry.npmjs.org/char-regex/-/char-regex-1.0.2.tgz 5063ms (cache miss)
474 http fetch GET 200 https://registry.npmjs.org/which-collection 3977ms (cache miss)
475 http fetch GET 200 https://registry.npmjs.org/typed-array-buffer 3977ms (cache miss)
476 http fetch GET 200 https://registry.npmjs.org/damerau-levenshtein 3570ms (cache miss)
477 http fetch GET 200 https://registry.npmjs.org/tslib 3974ms (cache miss)
478 http fetch GET 200 https://registry.npmjs.org/typed-array-length 3978ms (cache miss)
479 http fetch GET 200 https://registry.npmjs.org/which-builtin-type 3983ms (cache miss)
480 http fetch GET 200 https://registry.npmjs.org/typed-array-byte-offset 3983ms (cache miss)
481 http fetch GET 200 https://registry.npmjs.org/concat-map 3574ms (cache miss)
482 http fetch GET 200 https://registry.npmjs.org/ansi-escapes/-/ansi-escapes-4.3.2.tgz 5030ms (cache miss)
483 http fetch GET 200 https://registry.npmjs.org/queue-microtask 6088ms (cache miss)
484 http fetch GET 200 https://registry.npmjs.org/stop-iteration-iterator 3978ms (cache miss)
485 http fetch GET 200 https://registry.npmjs.org/reflect.getprototypeof 3975ms (cache miss)
486 http fetch GET 200 https://registry.npmjs.org/resolve-pkg-maps 3977ms (cache miss)
487 http fetch GET 200 https://registry.npmjs.org/math-intrinsics 3898ms (cache miss)
488 http fetch GET 200 https://registry.npmjs.org/own-keys 3954ms (cache miss)
489 http fetch GET 200 https://registry.npmjs.org/safe-regex-test 3985ms (cache miss)
490 http fetch GET 200 https://registry.npmjs.org/levn 3895ms (cache miss)
491 http fetch GET 200 https://registry.npmjs.org/string.prototype.repeat 3995ms (cache miss)
492 http fetch GET 200 https://registry.npmjs.org/is-weakref 3894ms (cache miss)
493 http fetch GET 200 https://registry.npmjs.org/possible-typed-array-names 3967ms (cache miss)
494 http fetch GET 200 https://registry.npmjs.org/safe-array-concat 3992ms (cache miss)
495 http fetch GET 200 https://registry.npmjs.org/is-string 3892ms (cache miss)
496 http fetch GET 200 https://registry.npmjs.org/object.groupby 3964ms (cache miss)
497 http fetch GET 200 https://registry.npmjs.org/graceful-fs 6095ms (cache miss)
498 http fetch GET 200 https://registry.npmjs.org/@types/istanbul-lib-report/-/istanbul-lib-report-3.0.3.tgz 5043ms (cache miss)
499 http fetch GET 200 https://registry.npmjs.org/object.assign 3973ms (cache miss)
500 http fetch GET 200 https://registry.npmjs.org/punycode 6125ms (cache miss)
501 http fetch GET 200 https://registry.npmjs.org/@types/yargs-parser/-/yargs-parser-21.0.3.tgz 5067ms (cache miss)
502 http fetch GET 200 https://registry.npmjs.org/p-limit/-/p-limit-2.3.0.tgz 4470ms (cache miss)
503 http fetch GET 200 https://registry.npmjs.org/is-generator-function 3908ms (cache miss)
504 http fetch GET 200 https://registry.npmjs.org/@alloc%2fquick-lru 5898ms (cache miss)
505 http fetch GET 200 https://registry.npmjs.org/supports-color/-/supports-color-8.1.1.tgz 4476ms (cache miss)
506 http fetch GET 200 https://registry.npmjs.org/internal-slot 3840ms (cache miss)
507 http fetch GET 200 https://registry.npmjs.org/hasown 3840ms (cache miss)
508 http fetch GET 200 https://registry.npmjs.org/@istanbuljs/load-nyc-config/-/load-nyc-config-1.1.0.tgz 4574ms (cache miss)
509 http fetch GET 200 https://registry.npmjs.org/has-proto 3840ms (cache miss)
510 http fetch GET 200 https://registry.npmjs.org/@types/babel__template/-/babel__template-7.4.4.tgz 5049ms (cache miss)
511 http fetch GET 200 https://registry.npmjs.org/ansi-styles 5927ms (cache miss)
512 http fetch GET 200 https://registry.npmjs.org/is-map 3921ms (cache miss)
513 http fetch GET 200 https://registry.npmjs.org/get-intrinsic 3832ms (cache miss)
514 http fetch GET 200 https://registry.npmjs.org/for-each 3842ms (cache miss)
515 http fetch GET 200 https://registry.npmjs.org/acorn-jsx 5939ms (cache miss)
516 http fetch GET 200 https://registry.npmjs.org/@types/tough-cookie/-/tough-cookie-4.0.5.tgz 5095ms (cache miss)
517 http fetch GET 200 https://registry.npmjs.org/@types/babel__generator/-/babel__generator-7.27.0.tgz 5063ms (cache miss)
518 http fetch GET 200 https://registry.npmjs.org/source-map-js 4043ms (cache miss)
519 http fetch GET 200 https://registry.npmjs.org/gensync 3858ms (cache miss)
520 http fetch GET 200 https://registry.npmjs.org/function-bind 3854ms (cache miss)
521 http fetch GET 200 https://registry.npmjs.org/stackblur-canvas 4053ms (cache miss)
522 http fetch GET 200 https://registry.npmjs.org/async-function 3363ms (cache miss)
523 http fetch GET 200 https://registry.npmjs.org/@types%2fpako 5968ms (cache miss)
524 http fetch GET 200 https://registry.npmjs.org/zod-validation-error 4142ms (cache miss)
525 http fetch GET 200 https://registry.npmjs.org/kleur/-/kleur-3.0.3.tgz 5705ms (cache miss)
526 http fetch GET 200 https://registry.npmjs.org/unrs-resolver 6205ms (cache miss)
527 http fetch GET 200 https://registry.npmjs.org/is-boolean-object 3877ms (cache miss)
528 http fetch GET 200 https://registry.npmjs.org/to-regex-range 6204ms (cache miss)
529 http fetch GET 200 https://registry.npmjs.org/fast-json-stable-stringify 3879ms (cache miss)
530 http fetch GET 200 https://registry.npmjs.org/define-properties 3753ms (cache miss)
531 http fetch GET 200 https://registry.npmjs.org/es-set-tostringtag 3880ms (cache miss)
532 http fetch GET 200 https://registry.npmjs.org/deep-is 3747ms (cache miss)
533 http fetch GET 200 https://registry.npmjs.org/es-define-property 3872ms (cache miss)
534 http fetch GET 200 https://registry.npmjs.org/es-shim-unscopables 3886ms (cache miss)
535 http fetch GET 200 https://registry.npmjs.org/esutils 3892ms (cache miss)
536 http fetch GET 200 https://registry.npmjs.org/iobuffer 3916ms (cache miss)
537 http fetch GET 200 https://registry.npmjs.org/gopd 3919ms (cache miss)
538 http fetch GET 200 https://registry.npmjs.org/ci-info/-/ci-info-3.9.0.tgz 5221ms (cache miss)
539 http fetch GET 200 https://registry.npmjs.org/call-bind 3558ms (cache miss)
540 http fetch GET 200 https://registry.npmjs.org/string.prototype.trimend 4128ms (cache miss)
541 http fetch GET 200 https://registry.npmjs.org/merge2 6232ms (cache miss)
542 http fetch GET 200 https://registry.npmjs.org/array.prototype.flat 3413ms (cache miss)
543 http fetch GET 200 https://registry.npmjs.org/side-channel-list 4138ms (cache miss)
544 http fetch GET 200 https://registry.npmjs.org/prelude-ls 4117ms (cache miss)
545 silly tarball no local data for fast-check@https://registry.npmjs.org/fast-check/-/fast-check-3.23.2.tgz. Extracting by manifest.
546 http fetch GET 200 https://registry.npmjs.org/object-keys 4113ms (cache miss)
547 http fetch GET 200 https://registry.npmjs.org/balanced-match 3568ms (cache miss)
548 http fetch GET 200 https://registry.npmjs.org/is-typed-array 4050ms (cache miss)
549 http fetch GET 200 https://registry.npmjs.org/is-regex 4049ms (cache miss)
550 http fetch GET 200 https://registry.npmjs.org/is-set 4051ms (cache miss)
551 http fetch GET 200 https://registry.npmjs.org/safer-buffer/-/safer-buffer-2.1.2.tgz 5915ms (cache miss)
552 http fetch GET 200 https://registry.npmjs.org/estraverse 6237ms (cache miss)
553 http fetch GET 200 https://registry.npmjs.org/string.prototype.trim 4164ms (cache miss)
554 http fetch GET 200 https://registry.npmjs.org/locate-path/-/locate-path-5.0.0.tgz 4596ms (cache miss)
555 http fetch GET 200 https://registry.npmjs.org/ansi-styles/-/ansi-styles-5.2.0.tgz 4608ms (cache miss)
556 http fetch GET 200 https://registry.npmjs.org/ansi-styles/-/ansi-styles-5.2.0.tgz 4602ms (cache miss)
557 http fetch GET 200 https://registry.npmjs.org/ansi-styles/-/ansi-styles-5.2.0.tgz 4600ms (cache miss)
558 http fetch GET 200 https://registry.npmjs.org/ansi-styles/-/ansi-styles-5.2.0.tgz 4601ms (cache miss)
559 http fetch GET 200 https://registry.npmjs.org/minimist 4079ms (cache miss)
560 http fetch GET 200 https://registry.npmjs.org/ansi-styles/-/ansi-styles-5.2.0.tgz 4600ms (cache miss)
561 http fetch GET 200 https://registry.npmjs.org/p-limit/-/p-limit-2.3.0.tgz 4592ms (cache miss)
562 http fetch GET 200 https://registry.npmjs.org/ansi-styles/-/ansi-styles-5.2.0.tgz 4598ms (cache miss)
563 http fetch GET 200 https://registry.npmjs.org/ansi-styles/-/ansi-styles-5.2.0.tgz 4614ms (cache miss)
564 http fetch GET 200 https://registry.npmjs.org/ansi-styles/-/ansi-styles-5.2.0.tgz 4601ms (cache miss)
565 http fetch GET 200 https://registry.npmjs.org/ansi-styles/-/ansi-styles-5.2.0.tgz 4615ms (cache miss)
566 http fetch GET 200 https://registry.npmjs.org/ansi-styles/-/ansi-styles-5.2.0.tgz 4604ms (cache miss)
567 http fetch GET 200 https://registry.npmjs.org/ansi-styles/-/ansi-styles-5.2.0.tgz 4614ms (cache miss)
568 http fetch GET 200 https://registry.npmjs.org/ansi-styles/-/ansi-styles-5.2.0.tgz 4613ms (cache miss)
569 http fetch GET 200 https://registry.npmjs.org/@types/graceful-fs/-/graceful-fs-4.1.9.tgz 5189ms (cache miss)
570 http fetch GET 200 https://registry.npmjs.org/resolve-from/-/resolve-from-5.0.0.tgz 4603ms (cache miss)
571 http fetch GET 200 https://registry.npmjs.org/regexp.prototype.flags 4163ms (cache miss)
572 http fetch GET 200 https://registry.npmjs.org/@types/jest/-/jest-29.5.14.tgz 5201ms (cache miss)
573 http fetch GET 200 https://registry.npmjs.org/find-up/-/find-up-4.1.0.tgz 4629ms (cache miss)
574 http fetch GET 200 https://registry.npmjs.org/color-convert 6120ms (cache miss)
575 http fetch GET 200 https://registry.npmjs.org/iterator.prototype 4068ms (cache miss)
576 http fetch GET 200 https://registry.npmjs.org/@eslint-community%2fregexpp 6068ms (cache miss)
577 http fetch GET 200 https://registry.npmjs.org/arraybuffer.prototype.slice 3504ms (cache miss)
578 http fetch GET 200 https://registry.npmjs.org/side-channel 4196ms (cache miss)
579 http fetch GET 200 https://registry.npmjs.org/string.prototype.matchall 4198ms (cache miss)
580 http fetch GET 200 https://registry.npmjs.org/set-proto 4202ms (cache miss)
581 http fetch GET 200 https://registry.npmjs.org/glob/-/glob-7.2.3.tgz 5767ms (cache miss)
582 warn deprecated glob@7.2.3: Old versions of glob are not supported, and contain widely publicized security vulnerabilities, which have been fixed in the current version. Please update. Support for old versions may be purchased (at exorbitant rates) by contacting i@izs.me
583 http fetch GET 200 https://registry.npmjs.org/globals 6089ms (cache miss)
584 http fetch GET 200 https://registry.npmjs.org/ignore 6092ms (cache miss)
585 http fetch GET 200 https://registry.npmjs.org/fastq 4021ms (cache miss)
586 http fetch GET 200 https://registry.npmjs.org/eslint-visitor-keys 4020ms (cache miss)
587 http fetch GET 200 https://registry.npmjs.org/frac 4025ms (cache miss)
588 http fetch GET 200 https://registry.npmjs.org/doctrine 3924ms (cache miss)
589 http fetch GET 200 https://registry.npmjs.org/adler-32 3537ms (cache miss)
590 http fetch GET 200 https://registry.npmjs.org/flat-cache 4030ms (cache miss)
591 http fetch GET 200 https://registry.npmjs.org/fast-deep-equal 4031ms (cache miss)
592 http fetch GET 200 https://registry.npmjs.org/which-typed-array 4263ms (cache miss)
593 http fetch GET 200 https://registry.npmjs.org/clsx 3714ms (cache miss)
594 http fetch GET 200 https://registry.npmjs.org/tinyglobby 4261ms (cache miss)
595 http fetch GET 200 https://registry.npmjs.org/define-data-property 3860ms (cache miss)
596 http fetch GET 200 https://registry.npmjs.org/emoji-regex 4041ms (cache miss)
597 http fetch GET 200 https://registry.npmjs.org/data-view-byte-length 3680ms (cache miss)
598 http fetch GET 200 https://registry.npmjs.org/array.prototype.tosorted 3576ms (cache miss)
599 http fetch GET 200 https://registry.npmjs.org/object.values 4237ms (cache miss)
600 http fetch GET 200 https://registry.npmjs.org/source-map-support/-/source-map-support-0.5.13.tgz 6058ms (cache miss)
601 http fetch GET 200 https://registry.npmjs.org/is-symbol 4174ms (cache miss)
602 http fetch GET 200 https://registry.npmjs.org/is-weakmap 4178ms (cache miss)
603 http fetch GET 200 https://registry.npmjs.org/is-negative-zero 4184ms (cache miss)
604 http fetch GET 200 https://registry.npmjs.org/jspdf 4118ms (cache miss)
605 http fetch GET 200 https://registry.npmjs.org/update-browserslist-db 6101ms (cache miss)
606 http fetch GET 200 https://registry.npmjs.org/has-bigints 4110ms (cache miss)
607 http fetch GET 200 https://registry.npmjs.org/get-proto 4109ms (cache miss)
608 http fetch GET 200 https://registry.npmjs.org/is-array-buffer 4155ms (cache miss)
609 http fetch GET 200 https://registry.npmjs.org/object.entries 4273ms (cache miss)
610 http fetch GET 200 https://registry.npmjs.org/generator-function 4119ms (cache miss)
611 http fetch GET 200 https://registry.npmjs.org/array-includes 3621ms (cache miss)
612 http fetch GET 200 https://registry.npmjs.org/tapable 4321ms (cache miss)
613 http fetch GET 200 https://registry.npmjs.org/mime-db/-/mime-db-1.52.0.tgz 5976ms (cache miss)
614 http fetch GET 200 https://registry.npmjs.org/es-to-primitive 4118ms (cache miss)
615 http fetch GET 200 https://registry.npmjs.org/es-object-atoms 4118ms (cache miss)
616 http fetch GET 200 https://registry.npmjs.org/array-buffer-byte-length 3637ms (cache miss)
617 http fetch GET 200 https://registry.npmjs.org/argparse 3657ms (cache miss)
618 http fetch GET 200 https://registry.npmjs.org/set-function-length 4343ms (cache miss)
619 http fetch GET 200 https://registry.npmjs.org/prop-types 4325ms (cache miss)
620 http fetch GET 200 https://registry.npmjs.org/is-weakset 4245ms (cache miss)
621 http fetch GET 200 https://registry.npmjs.org/braces 3768ms (cache miss)
622 http fetch GET 200 https://registry.npmjs.org/picomatch 4326ms (cache miss)
623 http fetch GET 200 https://registry.npmjs.org/@types/yargs/-/yargs-17.0.35.tgz 5403ms (cache miss)
624 http fetch GET 200 https://registry.npmjs.org/json-buffer 4253ms (cache miss)
625 http fetch GET 200 https://registry.npmjs.org/is-number-object 4246ms (cache miss)
626 http fetch GET 200 https://registry.npmjs.org/is-core-module 4178ms (cache miss)
627 http fetch GET 200 https://registry.npmjs.org/call-bind-apply-helpers 3772ms (cache miss)
628 http fetch GET 200 https://registry.npmjs.org/is-callable 4230ms (cache miss)
629 http fetch GET 200 https://registry.npmjs.org/functions-have-names 4159ms (cache miss)
630 http fetch GET 200 https://registry.npmjs.org/ssf 4356ms (cache miss)
631 http fetch GET 200 https://registry.npmjs.org/glob-parent 6447ms (cache miss)
632 http fetch GET 200 https://registry.npmjs.org/ignore 6453ms (cache miss)
633 http fetch GET 200 https://registry.npmjs.org/call-bound 3811ms (cache miss)
634 http fetch GET 200 https://registry.npmjs.org/array.prototype.findlast 3679ms (cache miss)
635 http fetch GET 200 https://registry.npmjs.org/get-symbol-description 4179ms (cache miss)
636 http fetch GET 200 https://registry.npmjs.org/ast-types-flow 3691ms (cache miss)
637 http fetch GET 200 https://registry.npmjs.org/@humanwhocodes%2fmodule-importer 3621ms (cache miss)
638 http fetch GET 200 https://registry.npmjs.org/@img%2fsharp-darwin-arm64 3622ms (cache miss)
639 http fetch GET 200 https://registry.npmjs.org/dunder-proto 4159ms (cache miss)
640 http fetch GET 200 https://registry.npmjs.org/ts-api-utils 4398ms (cache miss)
641 http fetch GET 200 https://registry.npmjs.org/detect-libc 4061ms (cache miss)
642 http fetch GET 200 https://registry.npmjs.org/undici-types 6521ms (cache miss)
643 http fetch GET 200 https://registry.npmjs.org/eslint-scope 4190ms (cache miss)
644 http fetch GET 200 https://registry.npmjs.org/regenerator-runtime 6508ms (cache miss)
645 http fetch GET 200 https://registry.npmjs.org/svg-pathdata 4405ms (cache miss)
646 http fetch GET 200 https://registry.npmjs.org/keyv 4305ms (cache miss)
647 http fetch GET 200 https://registry.npmjs.org/@humanwhocodes%2fretry 3649ms (cache miss)
648 http fetch GET 200 https://registry.npmjs.org/@jridgewell%2fremapping 3652ms (cache miss)
649 http fetch GET 200 https://registry.npmjs.org/available-typed-arrays 3726ms (cache miss)
650 http fetch GET 200 https://registry.npmjs.org/lightningcss-darwin-arm64 6516ms (cache miss)
651 http fetch GET 200 https://registry.npmjs.org/lightningcss 4325ms (cache miss)
652 http fetch GET 200 https://registry.npmjs.org/@babel%2fhelper-globals 3632ms (cache miss)
653 http fetch GET 200 https://registry.npmjs.org/esquery 4234ms (cache miss)
654 http fetch GET 200 https://registry.npmjs.org/array.prototype.flatmap 3746ms (cache miss)
655 http fetch GET 200 https://registry.npmjs.org/@jridgewell%2fsourcemap-codec 3686ms (cache miss)
656 http fetch GET 200 https://registry.npmjs.org/flatted 4243ms (cache miss)
657 http fetch GET 200 https://registry.npmjs.org/xml-name-validator/-/xml-name-validator-4.0.0.tgz 3580ms (cache miss)
658 http fetch GET 200 https://registry.npmjs.org/walker/-/walker-1.0.8.tgz 3583ms (cache miss)
659 http fetch GET 200 https://registry.npmjs.org/get-tsconfig 4270ms (cache miss)
660 http fetch GET 200 https://registry.npmjs.org/@types%2ftrusted-types 3761ms (cache miss)
661 http fetch GET 200 https://registry.npmjs.org/picomatch 3675ms (cache miss)
662 http fetch GET 200 https://registry.npmjs.org/escalade 4272ms (cache miss)
663 http fetch GET 200 https://registry.npmjs.org/cfb 3938ms (cache miss)
664 http fetch GET 200 https://registry.npmjs.org/minimatch 6628ms (cache miss)
665 http fetch GET 200 https://registry.npmjs.org/tmpl/-/tmpl-1.0.5.tgz 3596ms (cache miss)
666 http fetch GET 200 https://registry.npmjs.org/brace-expansion 3690ms (cache miss)
667 http fetch GET 200 https://registry.npmjs.org/write-file-atomic/-/write-file-atomic-4.0.2.tgz 3643ms (cache miss)
668 http fetch GET 200 https://registry.npmjs.org/which 3664ms (cache miss)
669 http fetch GET 200 https://registry.npmjs.org/@babel%2fhelper-string-parser 3765ms (cache miss)
670 http fetch GET 200 https://registry.npmjs.org/tinyexec/-/tinyexec-1.0.2.tgz 3673ms (cache miss)
671 http fetch GET 200 https://registry.npmjs.org/chalk 4025ms (cache miss)
672 http fetch GET 200 https://registry.npmjs.org/micromatch 6670ms (cache miss)
673 http fetch GET 200 https://registry.npmjs.org/@babel%2fhelper-validator-option 3791ms (cache miss)
674 http fetch GET 200 https://registry.npmjs.org/fflate 4370ms (cache miss)
675 http fetch GET 200 https://registry.npmjs.org/@babel%2fhelper-validator-identifier 3791ms (cache miss)
676 http fetch GET 200 https://registry.npmjs.org/codepage 4032ms (cache miss)
677 http fetch GET 200 https://registry.npmjs.org/@humanfs%2fnode 3817ms (cache miss)
678 http fetch GET 200 https://registry.npmjs.org/magic-string 4478ms (cache miss)
679 http fetch GET 200 https://registry.npmjs.org/jspdf 6725ms (cache miss)
680 http fetch GET 200 https://registry.npmjs.org/symbol-tree/-/symbol-tree-3.2.4.tgz 3696ms (cache miss)
681 http fetch GET 200 https://registry.npmjs.org/debug 4191ms (cache miss)
682 http fetch GET 200 https://registry.npmjs.org/pirates/-/pirates-4.0.7.tgz 3671ms (cache miss)
683 http fetch GET 200 https://registry.npmjs.org/@jridgewell%2ftrace-mapping 3834ms (cache miss)
684 http fetch GET 200 https://registry.npmjs.org/pkg-types/-/pkg-types-2.3.0.tgz 3668ms (cache miss)
685 http fetch GET 200 https://registry.npmjs.org/array.prototype.findlastindex 3885ms (cache miss)
686 http fetch GET 200 https://registry.npmjs.org/webidl-conversions/-/webidl-conversions-7.0.0.tgz 3728ms (cache miss)
687 http fetch GET 200 https://registry.npmjs.org/whatwg-mimetype/-/whatwg-mimetype-3.0.0.tgz 3727ms (cache miss)
688 http fetch GET 200 https://registry.npmjs.org/w3c-xmlserializer/-/w3c-xmlserializer-4.0.0.tgz 3728ms (cache miss)
689 http fetch GET 200 https://registry.npmjs.org/@humanfs%2fcore 3856ms (cache miss)
690 http fetch GET 200 https://registry.npmjs.org/makeerror/-/makeerror-1.0.12.tgz 3685ms (cache miss)
691 http fetch GET 200 https://registry.npmjs.org/v8-to-istanbul/-/v8-to-istanbul-9.3.0.tgz 3792ms (cache miss)
692 http fetch GET 200 https://registry.npmjs.org/napi-postinstall 3697ms (cache miss)
693 http fetch GET 200 https://registry.npmjs.org/whatwg-encoding/-/whatwg-encoding-2.0.0.tgz 3800ms (cache miss)
694 warn deprecated whatwg-encoding@2.0.0: Use @exodus/bytes instead for a more spec-conformant and faster implementation
695 http fetch GET 200 https://registry.npmjs.org/istanbul-lib-coverage/-/istanbul-lib-coverage-3.2.2.tgz 3712ms (cache miss)
696 http fetch GET 200 https://registry.npmjs.org/csstype 6655ms (cache miss)
697 http fetch GET 200 https://registry.npmjs.org/sprintf-js/-/sprintf-js-1.0.3.tgz 3803ms (cache miss)
698 http fetch GET 200 https://registry.npmjs.org/jsesc 3720ms (cache miss)
699 http fetch GET 200 https://registry.npmjs.org/sisteransi/-/sisteransi-1.0.5.tgz 3803ms (cache miss)
700 http fetch GET 200 https://registry.npmjs.org/resolve.exports/-/resolve.exports-2.0.3.tgz 3795ms (cache miss)
701 http fetch GET 200 https://registry.npmjs.org/url-parse/-/url-parse-1.5.10.tgz 3823ms (cache miss)
702 http fetch GET 200 https://registry.npmjs.org/readdirp/-/readdirp-4.1.2.tgz 3794ms (cache miss)
703 http fetch GET 200 https://registry.npmjs.org/eslint-import-resolver-typescript 4501ms (cache miss)
704 http fetch GET 200 https://registry.npmjs.org/debug 3904ms (cache miss)
705 http fetch GET 200 https://registry.npmjs.org/debug 3909ms (cache miss)
706 http fetch GET 200 https://registry.npmjs.org/debug 3848ms (cache miss)
707 http fetch GET 200 https://registry.npmjs.org/espree 4509ms (cache miss)
708 http fetch GET 200 https://registry.npmjs.org/rc9/-/rc9-2.1.2.tgz 3798ms (cache miss)
709 http fetch GET 200 https://registry.npmjs.org/perfect-debounce/-/perfect-debounce-1.0.0.tgz 3791ms (cache miss)
710 http fetch GET 200 https://registry.npmjs.org/html-encoding-sniffer/-/html-encoding-sniffer-3.0.0.tgz 3735ms (cache miss)
711 http fetch GET 200 https://registry.npmjs.org/eslint-visitor-keys 3761ms (cache miss)
712 http fetch GET 200 https://registry.npmjs.org/fsevents/-/fsevents-2.3.3.tgz 6273ms (cache miss)
713 http fetch GET 200 https://registry.npmjs.org/supports-color 6868ms (cache miss)
714 http fetch GET 200 https://registry.npmjs.org/https-proxy-agent/-/https-proxy-agent-5.0.1.tgz 3754ms (cache miss)
715 http fetch GET 200 https://registry.npmjs.org/http-proxy-agent/-/http-proxy-agent-5.0.0.tgz 3753ms (cache miss)
716 http fetch GET 200 https://registry.npmjs.org/destr/-/destr-2.0.5.tgz 3686ms (cache miss)
717 http fetch GET 200 https://registry.npmjs.org/defu/-/defu-6.1.4.tgz 3686ms (cache miss)
718 http fetch GET 200 https://registry.npmjs.org/fdir 3956ms (cache miss)
719 http fetch GET 200 https://registry.npmjs.org/data-urls/-/data-urls-3.0.2.tgz 3686ms (cache miss)
720 http fetch GET 200 https://registry.npmjs.org/delayed-stream/-/delayed-stream-1.0.0.tgz 3693ms (cache miss)
721 http fetch GET 200 https://registry.npmjs.org/@babel%2fhelper-module-imports 3990ms (cache miss)
722 http fetch GET 200 https://registry.npmjs.org/html-escaper/-/html-escaper-2.0.2.tgz 3770ms (cache miss)
723 http fetch GET 200 https://registry.npmjs.org/exsolve/-/exsolve-1.0.8.tgz 3744ms (cache miss)
724 http fetch GET 200 https://registry.npmjs.org/istanbul-lib-instrument/-/istanbul-lib-instrument-6.0.3.tgz 3789ms (cache miss)
725 http fetch GET 200 https://registry.npmjs.org/citty/-/citty-0.1.6.tgz 3682ms (cache miss)
726 http fetch GET 200 https://registry.npmjs.org/combined-stream/-/combined-stream-1.0.8.tgz 3693ms (cache miss)
727 http fetch GET 200 https://registry.npmjs.org/@babel%2fcode-frame 3987ms (cache miss)
728 http fetch GET 200 https://registry.npmjs.org/istanbul-lib-report/-/istanbul-lib-report-3.0.1.tgz 3794ms (cache miss)
729 http fetch GET 200 https://registry.npmjs.org/dequal/-/dequal-2.0.3.tgz 3723ms (cache miss)
730 http fetch GET 200 https://registry.npmjs.org/form-data/-/form-data-4.0.5.tgz 3768ms (cache miss)
731 http fetch GET 200 https://registry.npmjs.org/@babel%2fhelper-compilation-targets 4010ms (cache miss)
732 http fetch GET 200 https://registry.npmjs.org/acorn-walk/-/acorn-walk-8.3.5.tgz 3695ms (cache miss)
733 http fetch GET 200 https://registry.npmjs.org/babel-plugin-istanbul/-/babel-plugin-istanbul-6.1.1.tgz 3704ms (cache miss)
734 http fetch GET 200 https://registry.npmjs.org/asynckit/-/asynckit-0.4.0.tgz 3708ms (cache miss)
735 http fetch GET 200 https://registry.npmjs.org/execa/-/execa-5.1.1.tgz 3782ms (cache miss)
736 http fetch GET 200 https://registry.npmjs.org/domexception/-/domexception-4.0.0.tgz 3742ms (cache miss)
737 warn deprecated domexception@4.0.0: Use your platform's native DOMException instead
738 http fetch GET 200 https://registry.npmjs.org/globals 6895ms (cache miss)
739 http fetch GET 200 https://registry.npmjs.org/istanbul-lib-source-maps/-/istanbul-lib-source-maps-4.0.1.tgz 3828ms (cache miss)
740 http fetch GET 200 https://registry.npmjs.org/decimal.js/-/decimal.js-10.6.0.tgz 5991ms (cache miss)
741 http fetch GET 200 https://registry.npmjs.org/json5 3833ms (cache miss)
742 http fetch GET 200 https://registry.npmjs.org/dedent/-/dedent-1.7.1.tgz 3746ms (cache miss)
743 http fetch GET 200 https://registry.npmjs.org/cssom/-/cssom-0.5.0.tgz 3733ms (cache miss)
744 http fetch GET 200 https://registry.npmjs.org/crc-32 3737ms (cache miss)
745 http fetch GET 200 https://registry.npmjs.org/@babel%2ftemplate 4052ms (cache miss)
746 http fetch GET 200 https://registry.npmjs.org/@babel%2fcompat-data 4040ms (cache miss)
747 http fetch GET 200 https://registry.npmjs.org/deepmerge/-/deepmerge-4.3.1.tgz 3758ms (cache miss)
748 http fetch GET 200 https://registry.npmjs.org/tough-cookie/-/tough-cookie-4.1.4.tgz 3944ms (cache miss)
749 http fetch GET 200 https://registry.npmjs.org/sharp 4837ms (cache miss)
750 http fetch GET 200 https://registry.npmjs.org/semver 3944ms (cache miss)
751 http fetch GET 200 https://registry.npmjs.org/deepmerge-ts/-/deepmerge-ts-7.1.5.tgz 3779ms (cache miss)
752 http fetch GET 200 https://registry.npmjs.org/cjs-module-lexer/-/cjs-module-lexer-1.4.3.tgz 3761ms (cache miss)
753 http fetch GET 200 https://registry.npmjs.org/dompurify 4625ms (cache miss)
754 http fetch GET 200 https://registry.npmjs.org/@babel/plugin-syntax-optional-chaining/-/plugin-syntax-optional-chaining-7.8.3.tgz 3722ms (cache miss)
755 http fetch GET 200 https://registry.npmjs.org/@sinonjs/fake-timers/-/fake-timers-10.3.0.tgz 3745ms (cache miss)
756 http fetch GET 200 https://registry.npmjs.org/@babel/plugin-syntax-json-strings/-/plugin-syntax-json-strings-7.8.3.tgz 3723ms (cache miss)
757 http fetch GET 200 https://registry.npmjs.org/@babel/plugin-syntax-optional-catch-binding/-/plugin-syntax-optional-catch-binding-7.8.3.tgz 3726ms (cache miss)
758 http fetch GET 200 https://registry.npmjs.org/@babel/plugin-syntax-nullish-coalescing-operator/-/plugin-syntax-nullish-coalescing-operator-7.8.3.tgz 3725ms (cache miss)
759 http fetch GET 200 https://registry.npmjs.org/browserslist 5926ms (cache miss)
760 http fetch GET 200 https://registry.npmjs.org/@types%2freact-dom 4136ms (cache miss)
761 http fetch GET 200 https://registry.npmjs.org/bcryptjs 3764ms (cache miss)
762 http fetch GET 200 https://registry.npmjs.org/@tootallnate/once/-/once-2.0.0.tgz 3762ms (cache miss)
763 http fetch GET 200 https://registry.npmjs.org/@standard-schema/spec/-/spec-1.1.0.tgz 3761ms (cache miss)
764 http fetch GET 200 https://registry.npmjs.org/xlsx 4010ms (cache miss)
765 http fetch GET 200 https://registry.npmjs.org/dotenv/-/dotenv-16.6.1.tgz 3824ms (cache miss)
766 http fetch GET 200 https://registry.npmjs.org/@babel/plugin-syntax-jsx/-/plugin-syntax-jsx-7.28.6.tgz 3756ms (cache miss)
767 http fetch GET 200 https://registry.npmjs.org/@babel/plugin-syntax-top-level-await/-/plugin-syntax-top-level-await-7.14.5.tgz 3762ms (cache miss)
768 http fetch GET 200 https://registry.npmjs.org/@babel/plugin-syntax-class-static-block/-/plugin-syntax-class-static-block-7.14.5.tgz 3751ms (cache miss)
769 http fetch GET 200 https://registry.npmjs.org/@babel/plugin-syntax-private-property-in-object/-/plugin-syntax-private-property-in-object-7.14.5.tgz 3754ms (cache miss)
770 http fetch GET 200 https://registry.npmjs.org/@babel/plugin-syntax-bigint/-/plugin-syntax-bigint-7.8.3.tgz 3753ms (cache miss)
771 http fetch GET 200 https://registry.npmjs.org/@babel/plugin-syntax-import-meta/-/plugin-syntax-import-meta-7.10.4.tgz 3756ms (cache miss)
772 http fetch GET 200 https://registry.npmjs.org/abab/-/abab-2.0.6.tgz 3802ms (cache miss)
773 warn deprecated abab@2.0.6: Use your platform's native atob() and btoa() methods instead
774 http fetch GET 200 https://registry.npmjs.org/@babel%2fhelper-module-transforms 4128ms (cache miss)
775 http fetch GET 200 https://registry.npmjs.org/@babel/plugin-syntax-logical-assignment-operators/-/plugin-syntax-logical-assignment-operators-7.10.4.tgz 3764ms (cache miss)
776 http fetch GET 200 https://registry.npmjs.org/nanoid 3946ms (cache miss)
777 http fetch GET 200 https://registry.npmjs.org/baseline-browser-mapping 3827ms (cache miss)
778 http fetch GET 200 https://registry.npmjs.org/emoji-regex/-/emoji-regex-8.0.0.tgz 3736ms (cache miss)
779 http fetch GET 200 https://registry.npmjs.org/@babel/plugin-syntax-numeric-separator/-/plugin-syntax-numeric-separator-7.10.4.tgz 3771ms (cache miss)
780 http fetch GET 200 https://registry.npmjs.org/@babel/plugin-syntax-object-rest-spread/-/plugin-syntax-object-rest-spread-7.8.3.tgz 3769ms (cache miss)
781 http fetch GET 200 https://registry.npmjs.org/react-is/-/react-is-18.3.1.tgz 3720ms (cache miss)
782 http fetch GET 200 https://registry.npmjs.org/react-is/-/react-is-17.0.2.tgz 3721ms (cache miss)
783 http fetch GET 200 https://registry.npmjs.org/@babel/plugin-syntax-async-generators/-/plugin-syntax-async-generators-7.8.4.tgz 3773ms (cache miss)
784 http fetch GET 200 https://registry.npmjs.org/@babel/plugin-syntax-typescript/-/plugin-syntax-typescript-7.28.6.tgz 3798ms (cache miss)
785 http fetch GET 200 https://registry.npmjs.org/@prisma/debug/-/debug-6.19.2.tgz 3809ms (cache miss)
786 http fetch GET 200 https://registry.npmjs.org/tr46/-/tr46-3.0.0.tgz 4048ms (cache miss)
787 http fetch GET 200 https://registry.npmjs.org/@babel/plugin-syntax-import-attributes/-/plugin-syntax-import-attributes-7.28.6.tgz 3786ms (cache miss)
788 http fetch GET 200 https://registry.npmjs.org/whatwg-url/-/whatwg-url-11.0.0.tgz 4070ms (cache miss)
789 http fetch GET 200 https://registry.npmjs.org/@babel/plugin-syntax-class-properties/-/plugin-syntax-class-properties-7.12.13.tgz 3795ms (cache miss)
790 http fetch GET 200 https://registry.npmjs.org/@prisma/config/-/config-6.19.2.tgz 3825ms (cache miss)
791 http fetch GET 200 https://registry.npmjs.org/json5 3748ms (cache miss)
792 http fetch GET 200 https://registry.npmjs.org/cssom/-/cssom-0.3.8.tgz 3760ms (cache miss)
793 http fetch GET 200 https://registry.npmjs.org/react-is/-/react-is-18.3.1.tgz 3766ms (cache miss)
794 http fetch GET 200 https://registry.npmjs.org/react-is/-/react-is-18.3.1.tgz 3768ms (cache miss)
795 http fetch GET 200 https://registry.npmjs.org/react-is/-/react-is-18.3.1.tgz 3778ms (cache miss)
796 http fetch GET 200 https://registry.npmjs.org/react-is/-/react-is-18.3.1.tgz 3769ms (cache miss)
797 http fetch GET 200 https://registry.npmjs.org/react-is/-/react-is-18.3.1.tgz 3777ms (cache miss)
798 http fetch GET 200 https://registry.npmjs.org/react-is/-/react-is-18.3.1.tgz 3779ms (cache miss)
799 http fetch GET 200 https://registry.npmjs.org/react-is/-/react-is-18.3.1.tgz 3769ms (cache miss)
800 http fetch GET 200 https://registry.npmjs.org/react-is/-/react-is-18.3.1.tgz 3778ms (cache miss)
801 http fetch GET 200 https://registry.npmjs.org/react-is/-/react-is-18.3.1.tgz 3777ms (cache miss)
802 http fetch GET 200 https://registry.npmjs.org/react-is/-/react-is-18.3.1.tgz 3779ms (cache miss)
803 http fetch GET 200 https://registry.npmjs.org/chokidar/-/chokidar-4.0.3.tgz 3894ms (cache miss)
804 http fetch GET 200 https://registry.npmjs.org/react-is/-/react-is-18.3.1.tgz 3779ms (cache miss)
805 http fetch GET 200 https://registry.npmjs.org/nypm/-/nypm-0.6.5.tgz 3754ms (cache miss)
806 http fetch GET 200 https://registry.npmjs.org/import-local/-/import-local-3.2.0.tgz 3741ms (cache miss)
807 http fetch GET 200 https://registry.npmjs.org/postcss 4969ms (cache miss)
808 http fetch GET 200 https://registry.npmjs.org/lru-cache 7096ms (cache miss)
809 http fetch GET 200 https://registry.npmjs.org/escodegen/-/escodegen-2.1.0.tgz 3717ms (cache miss)
810 http fetch GET 200 https://registry.npmjs.org/string.prototype.includes 3133ms (cache miss)
811 http fetch GET 200 https://registry.npmjs.org/xlsx 7148ms (cache miss)
812 http fetch GET 200 https://registry.npmjs.org/acorn 3882ms (cache miss)
813 http fetch GET 200 https://registry.npmjs.org/@babel/helper-plugin-utils/-/helper-plugin-utils-7.28.6.tgz 3854ms (cache miss)
814 http fetch GET 200 https://registry.npmjs.org/reusify 3144ms (cache miss)
815 http fetch GET 200 https://registry.npmjs.org/@typescript-eslint%2ftsconfig-utils 4316ms (cache miss)
816 http fetch GET 200 https://registry.npmjs.org/istanbul-lib-instrument/-/istanbul-lib-instrument-5.2.1.tgz 3802ms (cache miss)
817 http fetch GET 200 https://registry.npmjs.org/ws/-/ws-8.19.0.tgz 4154ms (cache miss)
818 http fetch GET 200 https://registry.npmjs.org/semver 3807ms (cache miss)
819 http fetch GET 200 https://registry.npmjs.org/semver 3819ms (cache miss)
820 http fetch GET 200 https://registry.npmjs.org/postcss 4231ms (cache miss)
821 http fetch GET 200 https://registry.npmjs.org/minimatch 7133ms (cache miss)
822 http fetch GET 200 https://registry.npmjs.org/json-schema-traverse 2816ms (cache miss)
823 http fetch GET 200 https://registry.npmjs.org/has-tostringtag 2815ms (cache miss)
824 http fetch GET 200 https://registry.npmjs.org/@typescript-eslint%2fproject-service 4333ms (cache miss)
825 http fetch GET 200 https://registry.npmjs.org/pako 3172ms (cache miss)
826 http fetch GET 200 https://registry.npmjs.org/language-subtag-registry 2831ms (cache miss)
827 http fetch GET 200 https://registry.npmjs.org/jiti 4076ms (cache miss)
828 http fetch GET 200 https://registry.npmjs.org/text-segmentation 3195ms (cache miss)
829 http fetch GET 200 https://registry.npmjs.org/utrie 3199ms (cache miss)
830 http fetch GET 200 https://registry.npmjs.org/has-symbols 2844ms (cache miss)
831 http fetch GET 200 https://registry.npmjs.org/semver 3850ms (cache miss)
832 http fetch GET 200 https://registry.npmjs.org/es-iterator-helpers 2851ms (cache miss)
833 http fetch GET 200 https://registry.npmjs.org/hermes-estree 2879ms (cache miss)
834 http fetch GET 200 https://registry.npmjs.org/base64-arraybuffer 2861ms (cache miss)
835 http fetch GET 200 https://registry.npmjs.org/object-inspect 3233ms (cache miss)
836 http fetch GET 200 https://registry.npmjs.org/cross-spawn 2877ms (cache miss)
837 http fetch GET 200 https://registry.npmjs.org/node-releases 3250ms (cache miss)
838 http fetch GET 200 https://registry.npmjs.org/hermes-parser 2905ms (cache miss)
839 http fetch GET 200 https://registry.npmjs.org/fast-png 2909ms (cache miss)
840 http fetch GET 200 https://registry.npmjs.org/styled-jsx 3267ms (cache miss)
841 http fetch GET 200 https://registry.npmjs.org/@babel%2fparser 3943ms (cache miss)
842 http fetch GET 200 https://registry.npmjs.org/css-line-break 2910ms (cache miss)
843 http fetch GET 200 https://registry.npmjs.org/ajv 7300ms (cache miss)
844 http fetch GET 200 https://registry.npmjs.org/type-fest/-/type-fest-0.21.3.tgz 4275ms (cache miss)
845 http fetch GET 200 https://registry.npmjs.org/eslint-plugin-import 2936ms (cache miss)
846 http fetch GET 200 https://registry.npmjs.org/enhanced-resolve 2929ms (cache miss)
847 http fetch GET 200 https://registry.npmjs.org/ky 2945ms (cache miss)
848 http fetch GET 200 https://registry.npmjs.org/performance-now 3312ms (cache miss)
849 http fetch GET 200 https://registry.npmjs.org/@tailwindcss%2fnode 4451ms (cache miss)
850 http fetch GET 200 https://registry.npmjs.org/@types%2freact 4458ms (cache miss)
851 http fetch GET 200 https://registry.npmjs.org/esprima/-/esprima-4.0.1.tgz 3940ms (cache miss)
852 http fetch GET 200 https://registry.npmjs.org/@swc%2fhelpers 2967ms (cache miss)
853 http fetch GET 200 https://registry.npmjs.org/@tailwindcss%2fpostcss 4483ms (cache miss)
854 http fetch GET 200 https://registry.npmjs.org/psl/-/psl-1.15.0.tgz 4320ms (cache miss)
855 http fetch GET 200 https://registry.npmjs.org/@jridgewell%2fresolve-uri 2997ms (cache miss)
856 http fetch GET 200 https://registry.npmjs.org/semver/-/semver-7.7.4.tgz 3888ms (cache miss)
857 http fetch GET 200 https://registry.npmjs.org/semver/-/semver-7.7.4.tgz 3907ms (cache miss)
858 http fetch GET 200 https://registry.npmjs.org/semver/-/semver-7.7.4.tgz 3910ms (cache miss)
859 http fetch GET 200 https://registry.npmjs.org/eslint-plugin-react 3026ms (cache miss)
860 http fetch GET 200 https://registry.npmjs.org/es-abstract 3039ms (cache miss)
861 http fetch GET 200 https://registry.npmjs.org/source-map/-/source-map-0.6.1.tgz 4386ms (cache miss)
862 http fetch GET 200 https://registry.npmjs.org/ajv 3044ms (cache miss)
863 http fetch GET 200 https://registry.npmjs.org/@sinclair/typebox/-/typebox-0.27.10.tgz 4177ms (cache miss)
864 http fetch GET 200 https://registry.npmjs.org/@tailwindcss%2foxide-darwin-arm64 7227ms (cache miss)
865 http fetch GET 200 https://registry.npmjs.org/typescript-eslint 5360ms (cache miss)
866 http fetch GET 200 https://registry.npmjs.org/@jridgewell%2fgen-mapping 3100ms (cache miss)
867 http fetch GET 200 https://registry.npmjs.org/@prisma/fetch-engine/-/fetch-engine-6.19.2.tgz 4240ms (cache miss)
868 http fetch GET 200 https://registry.npmjs.org/@eslint%2feslintrc 3180ms (cache miss)
869 http fetch GET 200 https://registry.npmjs.org/caniuse-lite 3207ms (cache miss)
870 http fetch GET 200 https://registry.npmjs.org/tailwind-merge 3273ms (cache miss)
871 http fetch GET 200 https://registry.npmjs.org/@tailwindcss%2foxide 7360ms (cache miss)
872 http fetch GET 200 https://registry.npmjs.org/canvg 3231ms (cache miss)
873 http fetch GET 200 https://registry.npmjs.org/@types%2fnode 4762ms (cache miss)
874 http fetch GET 200 https://registry.npmjs.org/@babel%2fruntime 3250ms (cache miss)
875 http fetch GET 200 https://registry.npmjs.org/@babel%2fhelpers 3263ms (cache miss)
876 http fetch GET 200 https://registry.npmjs.org/xmlchars/-/xmlchars-2.2.0.tgz 3267ms (cache miss)
877 http fetch GET 200 https://registry.npmjs.org/@eslint%2fjs 3292ms (cache miss)
878 http fetch GET 200 https://registry.npmjs.org/@next%2fswc-darwin-arm64 5769ms (cache miss)
879 http fetch GET 200 https://registry.npmjs.org/pathe/-/pathe-2.0.3.tgz 3307ms (cache miss)
880 http fetch GET 200 https://registry.npmjs.org/react-is 5576ms (cache miss)
881 http fetch GET 200 https://registry.npmjs.org/scheduler 5596ms (cache miss)
882 http fetch GET 200 https://registry.npmjs.org/nwsapi/-/nwsapi-2.2.23.tgz 3335ms (cache miss)
883 http fetch GET 200 https://registry.npmjs.org/@next%2fenv 4873ms (cache miss)
884 http fetch GET 200 https://registry.npmjs.org/@eslint%2fplugin-kit 3384ms (cache miss)
885 http fetch GET 200 https://registry.npmjs.org/electron-to-chromium 7612ms (cache miss)
886 http fetch GET 200 https://registry.npmjs.org/react-dom 5654ms (cache miss)
887 http fetch GET 200 https://registry.npmjs.org/react 5664ms (cache miss)
888 http fetch GET 200 https://registry.npmjs.org/@babel%2fgenerator 3438ms (cache miss)
889 http fetch GET 200 https://registry.npmjs.org/eslint-config-next 5510ms (cache miss)
890 http fetch GET 200 https://registry.npmjs.org/js-yaml 3492ms (cache miss)
891 http fetch GET 200 https://registry.npmjs.org/exit/-/exit-0.1.2.tgz 3489ms (cache miss)
892 http fetch GET 200 https://registry.npmjs.org/babel-preset-current-node-syntax/-/babel-preset-current-node-syntax-1.2.0.tgz 3452ms (cache miss)
893 http fetch GET 200 https://registry.npmjs.org/@eslint%2fobject-schema 3565ms (cache miss)
894 http fetch GET 200 https://registry.npmjs.org/@eslint%2fconfig-helpers 3567ms (cache miss)
895 http fetch GET 200 https://registry.npmjs.org/agent-base/-/agent-base-6.0.2.tgz 3440ms (cache miss)
896 http fetch GET 200 https://registry.npmjs.org/minimatch 3564ms (cache miss)
897 http fetch GET 200 https://registry.npmjs.org/c12/-/c12-3.1.0.tgz 3476ms (cache miss)
898 http fetch GET 200 https://registry.npmjs.org/iconv-lite/-/iconv-lite-0.6.3.tgz 3528ms (cache miss)
899 http fetch GET 200 https://registry.npmjs.org/eslint-plugin-react-hooks 5635ms (cache miss)
900 http fetch GET 200 https://registry.npmjs.org/prompts/-/prompts-2.4.2.tgz 3594ms (cache miss)
901 http fetch GET 200 https://registry.npmjs.org/axe-core 5183ms (cache miss)
902 http fetch GET 200 https://registry.npmjs.org/node-fetch-native/-/node-fetch-native-1.6.7.tgz 3614ms (cache miss)
903 http fetch GET 200 https://registry.npmjs.org/@eslint%2fcore 3660ms (cache miss)
904 http fetch GET 200 https://registry.npmjs.org/consola/-/consola-3.4.2.tgz 3578ms (cache miss)
905 http fetch GET 200 https://registry.npmjs.org/tailwindcss 5941ms (cache miss)
906 http fetch GET 200 https://registry.npmjs.org/dom-accessibility-api/-/dom-accessibility-api-0.5.16.tgz 3618ms (cache miss)
907 http fetch GET 200 https://registry.npmjs.org/@testing-library/react/-/react-16.3.2.tgz 3590ms (cache miss)
908 http fetch GET 200 https://registry.npmjs.org/nodemailer/-/nodemailer-8.0.1.tgz 3672ms (cache miss)
909 http fetch GET 200 https://registry.npmjs.org/cssstyle/-/cssstyle-2.3.0.tgz 3648ms (cache miss)
910 http fetch GET 200 https://registry.npmjs.org/@adobe/css-tools/-/css-tools-4.4.4.tgz 3622ms (cache miss)
911 http fetch GET 200 https://registry.npmjs.org/giget/-/giget-2.0.0.tgz 3576ms (cache miss)
912 http fetch GET 200 https://registry.npmjs.org/dom-accessibility-api/-/dom-accessibility-api-0.6.3.tgz 3626ms (cache miss)
913 http fetch GET 200 https://registry.npmjs.org/@typescript-eslint%2fvisitor-keys 5342ms (cache miss)
914 http fetch GET 200 https://registry.npmjs.org/jsx-ast-utils 3063ms (cache miss)
915 http fetch GET 200 https://registry.npmjs.org/tsconfig-paths 3084ms (cache miss)
916 http fetch GET 200 https://registry.npmjs.org/uuid/-/uuid-9.0.1.tgz 3658ms (cache miss)
917 http fetch GET 200 https://registry.npmjs.org/@typescript-eslint%2fscope-manager 3854ms (cache miss)
918 http fetch GET 200 https://registry.npmjs.org/uri-js 3148ms (cache miss)
919 http fetch GET 200 https://registry.npmjs.org/axobject-query 3066ms (cache miss)
920 http fetch GET 200 https://registry.npmjs.org/@typescript-eslint%2fparser 5453ms (cache miss)
921 http fetch GET 200 https://registry.npmjs.org/google-spreadsheet 3208ms (cache miss)
922 http fetch GET 200 https://registry.npmjs.org/@prisma/engines/-/engines-6.19.2.tgz 3829ms (cache miss)
923 http fetch GET 200 https://registry.npmjs.org/@testing-library/dom/-/dom-10.4.1.tgz 3836ms (cache miss)
924 http fetch GET 200 https://registry.npmjs.org/@img%2fsharp-libvips-darwin-arm64 3181ms (cache miss)
925 http fetch GET 200 https://registry.npmjs.org/@eslint%2fconfig-array 3185ms (cache miss)
926 http fetch GET 200 https://registry.npmjs.org/@sinonjs/commons/-/commons-3.0.1.tgz 3882ms (cache miss)
927 http fetch GET 200 https://registry.npmjs.org/@types/nodemailer/-/nodemailer-7.0.11.tgz 3907ms (cache miss)
928 http fetch GET 200 https://registry.npmjs.org/@typescript-eslint%2ftypescript-estree 4058ms (cache miss)
929 http fetch GET 200 https://registry.npmjs.org/@babel%2ftraverse 3303ms (cache miss)
930 http fetch GET 200 https://registry.npmjs.org/core-js 3310ms (cache miss)
931 http fetch GET 200 https://registry.npmjs.org/@typescript-eslint%2ftype-utils 4150ms (cache miss)
932 http fetch GET 200 https://registry.npmjs.org/parse5/-/parse5-7.3.0.tgz 3371ms (cache miss)
933 http fetch GET 200 https://registry.npmjs.org/@testing-library/jest-dom/-/jest-dom-6.9.1.tgz 3379ms (cache miss)
934 http fetch GET 200 https://registry.npmjs.org/@bcoe/v8-coverage/-/v8-coverage-0.2.3.tgz 3385ms (cache miss)
935 http fetch GET 200 https://registry.npmjs.org/@prisma/get-platform/-/get-platform-6.19.2.tgz 4138ms (cache miss)
936 http fetch GET 200 https://registry.npmjs.org/citty/-/citty-0.2.1.tgz 3399ms (cache miss)
937 http fetch GET 200 https://registry.npmjs.org/@babel%2ftypes 3694ms (cache miss)
938 http fetch GET 200 https://registry.npmjs.org/eslint-plugin-jsx-a11y 3446ms (cache miss)
939 http fetch GET 200 https://registry.npmjs.org/@babel%2fcore 3704ms (cache miss)
940 http fetch GET 200 https://registry.npmjs.org/confbox/-/confbox-0.2.4.tgz 3664ms (cache miss)
941 http fetch GET 200 https://registry.npmjs.org/lz-string/-/lz-string-1.5.0.tgz 3590ms (cache miss)
942 http fetch GET 200 https://registry.npmjs.org/argparse/-/argparse-1.0.10.tgz 3650ms (cache miss)
943 http fetch GET 200 https://registry.npmjs.org/rgbcolor/-/rgbcolor-1.0.1.tgz 3322ms (cache miss)
944 http fetch GET 200 https://registry.npmjs.org/ohash/-/ohash-2.0.11.tgz 3723ms (cache miss)
945 http fetch GET 200 https://registry.npmjs.org/entities/-/entities-6.0.1.tgz 3696ms (cache miss)
946 http fetch GET 200 https://registry.npmjs.org/resolve-from/-/resolve-from-4.0.0.tgz 3318ms (cache miss)
947 http fetch GET 200 https://registry.npmjs.org/yocto-queue/-/yocto-queue-0.1.0.tgz 3327ms (cache miss)
948 http fetch GET 200 https://registry.npmjs.org/es-toolkit 3837ms (cache miss)
949 http fetch GET 200 https://registry.npmjs.org/path-parse/-/path-parse-1.0.7.tgz 3304ms (cache miss)
950 http fetch GET 200 https://registry.npmjs.org/run-parallel/-/run-parallel-1.2.0.tgz 3300ms (cache miss)
951 http fetch GET 200 https://registry.npmjs.org/istanbul-reports/-/istanbul-reports-3.2.0.tgz 3484ms (cache miss)
952 http fetch GET 200 https://registry.npmjs.org/natural-compare/-/natural-compare-1.4.0.tgz 3288ms (cache miss)
953 http fetch GET 200 https://registry.npmjs.org/is-number/-/is-number-7.0.0.tgz 3292ms (cache miss)
954 http fetch GET 200 https://registry.npmjs.org/isarray/-/isarray-2.0.5.tgz 3294ms (cache miss)
955 http fetch GET 200 https://registry.npmjs.org/js-yaml/-/js-yaml-3.14.2.tgz 3443ms (cache miss)
956 http fetch GET 200 https://registry.npmjs.org/zod 3423ms (cache miss)
957 http fetch GET 200 https://registry.npmjs.org/color-name/-/color-name-1.1.4.tgz 3315ms (cache miss)
958 http fetch GET 200 https://registry.npmjs.org/callsites/-/callsites-3.1.0.tgz 3318ms (cache miss)
959 http fetch GET 200 https://registry.npmjs.org/eslint-module-utils/-/eslint-module-utils-2.12.1.tgz 3330ms (cache miss)
960 http fetch GET 200 https://registry.npmjs.org/aria-query/-/aria-query-5.3.0.tgz 3526ms (cache miss)
961 http fetch GET 200 https://registry.npmjs.org/client-only/-/client-only-0.0.1.tgz 3324ms (cache miss)
962 http fetch GET 200 https://registry.npmjs.org/@typescript-eslint%2ftypes 4697ms (cache miss)
963 http fetch GET 200 https://registry.npmjs.org/motion-utils 3642ms (cache miss)
964 http fetch GET 200 https://registry.npmjs.org/@types/raf/-/raf-3.4.3.tgz 3372ms (cache miss)
965 http fetch GET 200 https://registry.npmjs.org/p-locate/-/p-locate-5.0.0.tgz 3339ms (cache miss)
966 http fetch GET 200 https://registry.npmjs.org/shebang-command/-/shebang-command-2.0.0.tgz 3319ms (cache miss)
967 http fetch GET 200 https://registry.npmjs.org/@typescript-eslint%2futils 3932ms (cache miss)
968 http fetch GET 200 https://registry.npmjs.org/@nolyfill/is-core-module/-/is-core-module-1.0.39.tgz 3386ms (cache miss)
969 http fetch GET 200 https://registry.npmjs.org/object-assign/-/object-assign-4.1.1.tgz 3358ms (cache miss)
970 http fetch GET 200 https://registry.npmjs.org/word-wrap/-/word-wrap-1.2.5.tgz 3337ms (cache miss)
971 http fetch GET 200 https://registry.npmjs.org/motion-dom 3439ms (cache miss)
972 http fetch GET 200 https://registry.npmjs.org/has-flag/-/has-flag-4.0.0.tgz 3347ms (cache miss)
973 http fetch GET 200 https://registry.npmjs.org/escape-string-regexp/-/escape-string-regexp-4.0.0.tgz 3342ms (cache miss)
974 http fetch GET 200 https://registry.npmjs.org/eslint-import-resolver-node/-/eslint-import-resolver-node-0.3.9.tgz 3345ms (cache miss)
975 http fetch GET 200 https://registry.npmjs.org/@next%2feslint-plugin-next 4784ms (cache miss)
976 http fetch GET 200 https://registry.npmjs.org/parent-module/-/parent-module-1.0.1.tgz 3350ms (cache miss)
977 http fetch GET 200 https://registry.npmjs.org/imurmurhash/-/imurmurhash-0.1.4.tgz 3358ms (cache miss)
978 http fetch GET 200 https://registry.npmjs.org/is-extglob/-/is-extglob-2.1.1.tgz 3363ms (cache miss)
979 http fetch GET 200 https://registry.npmjs.org/esrecurse/-/esrecurse-4.3.0.tgz 3353ms (cache miss)
980 http fetch GET 200 https://registry.npmjs.org/aria-query 3721ms (cache miss)
981 http fetch GET 200 https://registry.npmjs.org/@img/colour/-/colour-1.0.0.tgz 3358ms (cache miss)
982 http fetch GET 200 https://registry.npmjs.org/@types/json5/-/json5-0.0.29.tgz 3348ms (cache miss)
983 http fetch GET 200 https://registry.npmjs.org/shebang-regex/-/shebang-regex-3.0.0.tgz 3330ms (cache miss)
984 http fetch GET 200 https://registry.npmjs.org/strip-json-comments/-/strip-json-comments-3.1.1.tgz 3344ms (cache miss)
985 http fetch GET 200 https://registry.npmjs.org/pure-rand/-/pure-rand-6.1.0.tgz 3482ms (cache miss)
986 http fetch GET 200 https://registry.npmjs.org/next 9270ms (cache miss)
987 http fetch GET 200 https://registry.npmjs.org/stable-hash/-/stable-hash-0.0.5.tgz 3707ms (cache miss)
988 http fetch GET 200 https://registry.npmjs.org/@types/json-schema/-/json-schema-7.0.15.tgz 3807ms (cache miss)
989 http fetch GET 200 https://registry.npmjs.org/type-check/-/type-check-0.4.0.tgz 3743ms (cache miss)
990 http fetch GET 200 https://registry.npmjs.org/path-exists/-/path-exists-4.0.0.tgz 3734ms (cache miss)
991 http fetch GET 200 https://registry.npmjs.org/which-boxed-primitive/-/which-boxed-primitive-1.1.1.tgz 3752ms (cache miss)
992 http fetch GET 200 https://registry.npmjs.org/word/-/word-0.3.0.tgz 3739ms (cache miss)
993 http fetch GET 200 https://registry.npmjs.org/object.fromentries/-/object.fromentries-2.0.8.tgz 3731ms (cache miss)
994 http fetch GET 200 https://registry.npmjs.org/isexe/-/isexe-2.0.0.tgz 3768ms (cache miss)
995 http fetch GET 200 https://registry.npmjs.org/side-channel-weakmap/-/side-channel-weakmap-1.0.2.tgz 3773ms (cache miss)
996 http fetch GET 200 https://registry.npmjs.org/is-date-object/-/is-date-object-1.1.0.tgz 3747ms (cache miss)
997 http fetch GET 200 https://registry.npmjs.org/fill-range/-/fill-range-7.1.1.tgz 3761ms (cache miss)
998 http fetch GET 200 https://registry.npmjs.org/json-stable-stringify-without-jsonify/-/json-stable-stringify-without-jsonify-1.0.1.tgz 3777ms (cache miss)
999 http fetch GET 200 https://registry.npmjs.org/fast-levenshtein/-/fast-levenshtein-2.0.6.tgz 3752ms (cache miss)
1000 http fetch GET 200 https://registry.npmjs.org/find-up/-/find-up-5.0.0.tgz 3755ms (cache miss)
1001 http fetch GET 200 https://registry.npmjs.org/import-fresh/-/import-fresh-3.3.1.tgz 3762ms (cache miss)
1002 http fetch GET 200 https://registry.npmjs.org/p-limit/-/p-limit-3.1.0.tgz 3751ms (cache miss)
1003 http fetch GET 200 https://registry.npmjs.org/is-bun-module/-/is-bun-module-2.0.0.tgz 3756ms (cache miss)
1004 http fetch GET 200 https://registry.npmjs.org/has-property-descriptors/-/has-property-descriptors-1.0.2.tgz 3760ms (cache miss)
1005 http fetch GET 200 https://registry.npmjs.org/is-shared-array-buffer/-/is-shared-array-buffer-1.0.4.tgz 3764ms (cache miss)
1006 http fetch GET 200 https://registry.npmjs.org/is-data-view/-/is-data-view-1.0.2.tgz 3767ms (cache miss)
1007 http fetch GET 200 https://registry.npmjs.org/convert-source-map/-/convert-source-map-2.0.0.tgz 3765ms (cache miss)
1008 http fetch GET 200 https://registry.npmjs.org/is-bigint/-/is-bigint-1.1.0.tgz 3765ms (cache miss)
1009 http fetch GET 200 https://registry.npmjs.org/brace-expansion/-/brace-expansion-1.1.12.tgz 3765ms (cache miss)
1010 http fetch GET 200 https://registry.npmjs.org/@types/estree/-/estree-1.0.8.tgz 3769ms (cache miss)
1011 http fetch GET 200 https://registry.npmjs.org/side-channel-map/-/side-channel-map-1.0.1.tgz 3770ms (cache miss)
1012 http fetch GET 200 https://registry.npmjs.org/@eslint-community/eslint-utils/-/eslint-utils-4.9.1.tgz 3913ms (cache miss)
1013 http fetch GET 200 https://registry.npmjs.org/globalthis/-/globalthis-1.0.4.tgz 3780ms (cache miss)
1014 http fetch GET 200 https://registry.npmjs.org/file-entry-cache/-/file-entry-cache-8.0.0.tgz 3785ms (cache miss)
1015 http fetch GET 200 https://registry.npmjs.org/data-view-byte-offset/-/data-view-byte-offset-1.0.1.tgz 3780ms (cache miss)
1016 http fetch GET 200 https://registry.npmjs.org/yallist/-/yallist-3.1.1.tgz 3785ms (cache miss)
1017 http fetch GET 200 https://registry.npmjs.org/es-errors/-/es-errors-1.3.0.tgz 3778ms (cache miss)
1018 http fetch GET 200 https://registry.npmjs.org/typed-array-byte-length/-/typed-array-byte-length-1.0.3.tgz 3767ms (cache miss)
1019 http fetch GET 200 https://registry.npmjs.org/data-view-buffer/-/data-view-buffer-1.0.2.tgz 3774ms (cache miss)
1020 http fetch GET 200 https://registry.npmjs.org/eslint 3993ms (cache miss)
1021 http fetch GET 200 https://registry.npmjs.org/is-finalizationregistry/-/is-finalizationregistry-1.1.1.tgz 3835ms (cache miss)
1022 http fetch GET 200 https://registry.npmjs.org/strip-bom/-/strip-bom-3.0.0.tgz 3793ms (cache miss)
1023 http fetch GET 200 https://registry.npmjs.org/unbox-primitive/-/unbox-primitive-1.1.0.tgz 3798ms (cache miss)
1024 http fetch GET 200 https://registry.npmjs.org/supports-preserve-symlinks-flag/-/supports-preserve-symlinks-flag-1.0.0.tgz 3794ms (cache miss)
1025 http fetch GET 200 https://registry.npmjs.org/loose-envify/-/loose-envify-1.4.0.tgz 3797ms (cache miss)
1026 http fetch GET 200 https://registry.npmjs.org/picocolors/-/picocolors-1.1.1.tgz 3793ms (cache miss)
1027 http fetch GET 200 https://registry.npmjs.org/ms/-/ms-2.1.3.tgz 3798ms (cache miss)
1028 http fetch GET 200 https://registry.npmjs.org/language-tags/-/language-tags-1.0.9.tgz 3798ms (cache miss)
1029 http fetch GET 200 https://registry.npmjs.org/is-glob/-/is-glob-4.0.3.tgz 3794ms (cache miss)
1030 http fetch GET 200 https://registry.npmjs.org/string.prototype.trimstart/-/string.prototype.trimstart-1.0.8.tgz 3811ms (cache miss)
1031 http fetch GET 200 https://registry.npmjs.org/lucide-react 4408ms (cache miss)
1032 http fetch GET 200 https://registry.npmjs.org/lodash.merge/-/lodash.merge-4.6.2.tgz 3809ms (cache miss)
1033 http fetch GET 200 https://registry.npmjs.org/optionator/-/optionator-0.9.4.tgz 3822ms (cache miss)
1034 http fetch GET 200 https://registry.npmjs.org/locate-path/-/locate-path-6.0.0.tgz 3818ms (cache miss)
1035 http fetch GET 200 https://registry.npmjs.org/path-key/-/path-key-3.1.1.tgz 3813ms (cache miss)
1036 http fetch GET 200 https://registry.npmjs.org/@rtsao/scc/-/scc-1.1.0.tgz 3828ms (cache miss)
1037 http fetch GET 200 https://registry.npmjs.org/raf/-/raf-3.4.1.tgz 3819ms (cache miss)
1038 http fetch GET 200 https://registry.npmjs.org/wmf/-/wmf-1.0.2.tgz 3878ms (cache miss)
1039 http fetch GET 200 https://registry.npmjs.org/js-tokens/-/js-tokens-4.0.0.tgz 3818ms (cache miss)
1040 http fetch GET 200 https://registry.npmjs.org/glob-parent/-/glob-parent-5.1.2.tgz 3806ms (cache miss)
1041 http fetch GET 200 https://registry.npmjs.org/set-function-name/-/set-function-name-2.0.2.tgz 3815ms (cache miss)
1042 http fetch GET 200 https://registry.npmjs.org/is-async-function/-/is-async-function-2.1.1.tgz 3807ms (cache miss)
1043 http fetch GET 200 https://registry.npmjs.org/damerau-levenshtein/-/damerau-levenshtein-1.0.8.tgz 3795ms (cache miss)
1044 http fetch GET 200 https://registry.npmjs.org/safe-push-apply/-/safe-push-apply-1.0.0.tgz 3817ms (cache miss)
1045 http fetch GET 200 https://registry.npmjs.org/tslib/-/tslib-2.8.1.tgz 3795ms (cache miss)
1046 http fetch GET 200 https://registry.npmjs.org/which-collection/-/which-collection-1.0.2.tgz 3800ms (cache miss)
1047 http fetch GET 200 https://registry.npmjs.org/function.prototype.name/-/function.prototype.name-1.1.8.tgz 3825ms (cache miss)
1048 http fetch GET 200 https://registry.npmjs.org/typed-array-buffer/-/typed-array-buffer-1.0.3.tgz 3802ms (cache miss)
1049 http fetch GET 200 https://registry.npmjs.org/which-builtin-type/-/which-builtin-type-1.2.1.tgz 3806ms (cache miss)
1050 http fetch GET 200 https://registry.npmjs.org/typed-array-length/-/typed-array-length-1.0.7.tgz 3811ms (cache miss)
1051 http fetch GET 200 https://registry.npmjs.org/typed-array-byte-offset/-/typed-array-byte-offset-1.0.4.tgz 3809ms (cache miss)
1052 http fetch GET 200 https://registry.npmjs.org/concat-map/-/concat-map-0.0.1.tgz 3809ms (cache miss)
1053 http fetch GET 200 https://registry.npmjs.org/queue-microtask/-/queue-microtask-1.2.3.tgz 3807ms (cache miss)
1054 http fetch GET 200 https://registry.npmjs.org/reflect.getprototypeof/-/reflect.getprototypeof-1.0.10.tgz 3805ms (cache miss)
1055 http fetch GET 200 https://registry.npmjs.org/stop-iteration-iterator/-/stop-iteration-iterator-1.1.0.tgz 3808ms (cache miss)
1056 http fetch GET 200 https://registry.npmjs.org/math-intrinsics/-/math-intrinsics-1.1.0.tgz 3810ms (cache miss)
1057 http fetch GET 200 https://registry.npmjs.org/resolve-pkg-maps/-/resolve-pkg-maps-1.0.0.tgz 3824ms (cache miss)
1058 http fetch GET 200 https://registry.npmjs.org/own-keys/-/own-keys-1.0.1.tgz 3823ms (cache miss)
1059 http fetch GET 200 https://registry.npmjs.org/levn/-/levn-0.4.1.tgz 3821ms (cache miss)
1060 http fetch GET 200 https://registry.npmjs.org/string.prototype.repeat/-/string.prototype.repeat-1.0.0.tgz 3819ms (cache miss)
1061 http fetch GET 200 https://registry.npmjs.org/is-weakref/-/is-weakref-1.1.1.tgz 3819ms (cache miss)
1062 http fetch GET 200 https://registry.npmjs.org/is-string/-/is-string-1.1.1.tgz 3819ms (cache miss)
1063 http fetch GET 200 https://registry.npmjs.org/safe-regex-test/-/safe-regex-test-1.1.0.tgz 3827ms (cache miss)
1064 http fetch GET 200 https://registry.npmjs.org/possible-typed-array-names/-/possible-typed-array-names-1.1.0.tgz 3821ms (cache miss)
1065 http fetch GET 200 https://registry.npmjs.org/safe-array-concat/-/safe-array-concat-1.1.3.tgz 3831ms (cache miss)
1066 http fetch GET 200 https://registry.npmjs.org/object.groupby/-/object.groupby-1.0.3.tgz 3837ms (cache miss)
1067 http fetch GET 200 https://registry.npmjs.org/@types/bcryptjs/-/bcryptjs-3.0.0.tgz 3908ms (cache miss)
1068 http fetch GET 200 https://registry.npmjs.org/graceful-fs/-/graceful-fs-4.2.11.tgz 3837ms (cache miss)
1069 http fetch GET 200 https://registry.npmjs.org/punycode/-/punycode-2.3.1.tgz 3833ms (cache miss)
1070 http fetch GET 200 https://registry.npmjs.org/internal-slot/-/internal-slot-1.1.0.tgz 3823ms (cache miss)
1071 http fetch GET 200 https://registry.npmjs.org/is-generator-function/-/is-generator-function-1.1.2.tgz 3839ms (cache miss)
1072 http fetch GET 200 https://registry.npmjs.org/hasown/-/hasown-2.0.2.tgz 3831ms (cache miss)
1073 http fetch GET 200 https://registry.npmjs.org/@alloc/quick-lru/-/quick-lru-5.2.0.tgz 3840ms (cache miss)
1074 http fetch GET 200 https://registry.npmjs.org/has-proto/-/has-proto-1.2.0.tgz 3833ms (cache miss)
1075 warn deprecated @types/bcryptjs@3.0.0: This is a stub types definition. bcryptjs provides its own type definitions, so you do not need this installed.
1076 http fetch GET 200 https://registry.npmjs.org/for-each/-/for-each-0.3.5.tgz 3824ms (cache miss)
1077 http fetch GET 200 https://registry.npmjs.org/ansi-styles/-/ansi-styles-4.3.0.tgz 3837ms (cache miss)
1078 http fetch GET 200 https://registry.npmjs.org/gensync/-/gensync-1.0.0-beta.2.tgz 3829ms (cache miss)
1079 http fetch GET 200 https://registry.npmjs.org/is-map/-/is-map-2.0.3.tgz 3851ms (cache miss)
1080 http fetch GET 200 https://registry.npmjs.org/get-intrinsic/-/get-intrinsic-1.3.0.tgz 3842ms (cache miss)
1081 http fetch GET 200 https://registry.npmjs.org/function-bind/-/function-bind-1.1.2.tgz 3839ms (cache miss)
1082 http fetch GET 200 https://registry.npmjs.org/object.assign/-/object.assign-4.1.7.tgz 3895ms (cache miss)
1083 http fetch GET 200 https://registry.npmjs.org/async-function/-/async-function-1.0.0.tgz 3835ms (cache miss)
1084 http fetch GET 200 https://registry.npmjs.org/acorn-jsx/-/acorn-jsx-5.3.2.tgz 3866ms (cache miss)
1085 http fetch GET 200 https://registry.npmjs.org/@unrs/resolver-binding-darwin-arm64/-/resolver-binding-darwin-arm64-1.11.1.tgz 4199ms (cache miss)
1086 http fetch GET 200 https://registry.npmjs.org/html2canvas 3954ms (cache miss)
1087 http fetch GET 200 https://registry.npmjs.org/to-regex-range/-/to-regex-range-5.0.1.tgz 3869ms (cache miss)
1088 http fetch GET 200 https://registry.npmjs.org/source-map-js/-/source-map-js-1.2.1.tgz 3902ms (cache miss)
1089 http fetch GET 200 https://registry.npmjs.org/unrs-resolver/-/unrs-resolver-1.11.1.tgz 3874ms (cache miss)
1090 http fetch GET 200 https://registry.npmjs.org/is-boolean-object/-/is-boolean-object-1.2.2.tgz 3874ms (cache miss)
1091 http fetch GET 200 https://registry.npmjs.org/fast-json-stable-stringify/-/fast-json-stable-stringify-2.1.0.tgz 3875ms (cache miss)
1092 http fetch GET 200 https://registry.npmjs.org/zod-validation-error/-/zod-validation-error-4.0.2.tgz 3887ms (cache miss)
1093 http fetch GET 200 https://registry.npmjs.org/define-properties/-/define-properties-1.2.1.tgz 3880ms (cache miss)
1094 http fetch GET 200 https://registry.npmjs.org/es-define-property/-/es-define-property-1.0.1.tgz 3872ms (cache miss)
1095 http fetch GET 200 https://registry.npmjs.org/deep-is/-/deep-is-0.1.4.tgz 3878ms (cache miss)
1096 http fetch GET 200 https://registry.npmjs.org/es-set-tostringtag/-/es-set-tostringtag-2.1.0.tgz 3884ms (cache miss)
1097 http fetch GET 200 https://registry.npmjs.org/es-shim-unscopables/-/es-shim-unscopables-1.1.0.tgz 3878ms (cache miss)
1098 http fetch GET 200 https://registry.npmjs.org/esutils/-/esutils-2.0.3.tgz 3879ms (cache miss)
1099 http fetch GET 200 https://registry.npmjs.org/iobuffer/-/iobuffer-5.4.0.tgz 3868ms (cache miss)
1100 http fetch GET 200 https://registry.npmjs.org/gopd/-/gopd-1.2.0.tgz 3866ms (cache miss)
1101 http fetch GET 200 https://registry.npmjs.org/call-bind/-/call-bind-1.0.8.tgz 3861ms (cache miss)
1102 http fetch GET 200 https://registry.npmjs.org/stackblur-canvas/-/stackblur-canvas-2.7.0.tgz 3919ms (cache miss)
1103 http fetch GET 200 https://registry.npmjs.org/merge2/-/merge2-1.4.1.tgz 3852ms (cache miss)
1104 http fetch GET 200 https://registry.npmjs.org/string.prototype.trimend/-/string.prototype.trimend-1.0.9.tgz 3859ms (cache miss)
1105 http fetch GET 200 https://registry.npmjs.org/side-channel-list/-/side-channel-list-1.0.0.tgz 3850ms (cache miss)
1106 http fetch GET 200 https://registry.npmjs.org/array.prototype.flat/-/array.prototype.flat-1.3.3.tgz 3856ms (cache miss)
1107 http fetch GET 200 https://registry.npmjs.org/prelude-ls/-/prelude-ls-1.2.1.tgz 3853ms (cache miss)
1108 http fetch GET 200 https://registry.npmjs.org/balanced-match/-/balanced-match-1.0.2.tgz 3849ms (cache miss)
1109 http fetch GET 200 https://registry.npmjs.org/object-keys/-/object-keys-1.1.1.tgz 3853ms (cache miss)
1110 http fetch GET 200 https://registry.npmjs.org/@types/pako/-/pako-2.0.4.tgz 3940ms (cache miss)
1111 http fetch GET 200 https://registry.npmjs.org/estraverse/-/estraverse-5.3.0.tgz 3862ms (cache miss)
1112 http fetch GET 200 https://registry.npmjs.org/is-regex/-/is-regex-1.2.1.tgz 3869ms (cache miss)
1113 http fetch GET 200 https://registry.npmjs.org/is-set/-/is-set-2.0.3.tgz 3874ms (cache miss)
1114 http fetch GET 200 https://registry.npmjs.org/color-convert/-/color-convert-2.0.1.tgz 3860ms (cache miss)
1115 http fetch GET 200 https://registry.npmjs.org/minimist/-/minimist-1.2.8.tgz 3886ms (cache miss)
1116 http fetch GET 200 https://registry.npmjs.org/string.prototype.trim/-/string.prototype.trim-1.2.10.tgz 3895ms (cache miss)
1117 http fetch GET 200 https://registry.npmjs.org/regexp.prototype.flags/-/regexp.prototype.flags-1.5.4.tgz 3895ms (cache miss)
1118 http fetch GET 200 https://registry.npmjs.org/iterator.prototype/-/iterator.prototype-1.1.5.tgz 3884ms (cache miss)
1119 http fetch GET 200 https://registry.npmjs.org/arraybuffer.prototype.slice/-/arraybuffer.prototype.slice-1.0.4.tgz 3873ms (cache miss)
1120 http fetch GET 200 https://registry.npmjs.org/fastq/-/fastq-1.20.1.tgz 3890ms (cache miss)
1121 http fetch GET 200 https://registry.npmjs.org/side-channel/-/side-channel-1.1.0.tgz 3912ms (cache miss)
1122 http fetch GET 200 https://registry.npmjs.org/string.prototype.matchall/-/string.prototype.matchall-4.0.12.tgz 3922ms (cache miss)
1123 http fetch GET 200 https://registry.npmjs.org/doctrine/-/doctrine-2.1.0.tgz 3917ms (cache miss)
1124 http fetch GET 200 https://registry.npmjs.org/frac/-/frac-1.1.2.tgz 3935ms (cache miss)
1125 http fetch GET 200 https://registry.npmjs.org/globals/-/globals-16.4.0.tgz 3945ms (cache miss)
1126 http fetch GET 200 https://registry.npmjs.org/@eslint-community/regexpp/-/regexpp-4.12.2.tgz 3984ms (cache miss)
1127 http fetch GET 200 https://registry.npmjs.org/fast-deep-equal/-/fast-deep-equal-3.1.3.tgz 3943ms (cache miss)
1128 http fetch GET 200 https://registry.npmjs.org/eslint-visitor-keys/-/eslint-visitor-keys-4.2.1.tgz 3967ms (cache miss)
1129 http fetch GET 200 https://registry.npmjs.org/clsx/-/clsx-2.1.1.tgz 3951ms (cache miss)
1130 http fetch GET 200 https://registry.npmjs.org/tinyglobby/-/tinyglobby-0.2.15.tgz 3965ms (cache miss)
1131 http fetch GET 200 https://registry.npmjs.org/define-data-property/-/define-data-property-1.1.4.tgz 3965ms (cache miss)
1132 http fetch GET 200 https://registry.npmjs.org/which-typed-array/-/which-typed-array-1.1.19.tgz 3999ms (cache miss)
1133 http fetch GET 200 https://registry.npmjs.org/data-view-byte-length/-/data-view-byte-length-1.0.2.tgz 4002ms (cache miss)
1134 http fetch GET 200 https://registry.npmjs.org/object.values/-/object.values-1.2.1.tgz 3998ms (cache miss)
1135 http fetch GET 200 https://registry.npmjs.org/@testing-library/user-event/-/user-event-14.6.1.tgz 4859ms (cache miss)
1136 http fetch GET 200 https://registry.npmjs.org/typescript/-/typescript-5.9.3.tgz 6024ms (cache miss)
1137 http fetch GET 200 https://registry.npmjs.org/jsdom/-/jsdom-20.0.3.tgz 4634ms (cache miss)
1138 http fetch GET 200 https://registry.npmjs.org/is-symbol/-/is-symbol-1.1.1.tgz 4023ms (cache miss)
1139 http fetch GET 200 https://registry.npmjs.org/array.prototype.tosorted/-/array.prototype.tosorted-1.1.4.tgz 4048ms (cache miss)
1140 http fetch GET 200 https://registry.npmjs.org/is-weakmap/-/is-weakmap-2.0.2.tgz 4040ms (cache miss)
1141 http fetch GET 200 https://registry.npmjs.org/update-browserslist-db/-/update-browserslist-db-1.2.3.tgz 4062ms (cache miss)
1142 http fetch GET 200 https://registry.npmjs.org/is-typed-array/-/is-typed-array-1.1.15.tgz 4226ms (cache miss)
1143 http fetch GET 200 https://registry.npmjs.org/get-proto/-/get-proto-1.0.1.tgz 4100ms (cache miss)
1144 http fetch GET 200 https://registry.npmjs.org/has-bigints/-/has-bigints-1.1.0.tgz 4109ms (cache miss)
1145 http fetch GET 200 https://registry.npmjs.org/adler-32/-/adler-32-1.3.1.tgz 4197ms (cache miss)
1146 http fetch GET 200 https://registry.npmjs.org/ignore/-/ignore-7.0.5.tgz 4213ms (cache miss)
1147 http fetch GET 200 https://registry.npmjs.org/generator-function/-/generator-function-2.0.1.tgz 4143ms (cache miss)
1148 http fetch GET 200 https://registry.npmjs.org/is-array-buffer/-/is-array-buffer-3.0.5.tgz 4151ms (cache miss)
1149 http fetch GET 200 https://registry.npmjs.org/object.entries/-/object.entries-1.1.9.tgz 4163ms (cache miss)
1150 http fetch GET 200 https://registry.npmjs.org/array-includes/-/array-includes-3.1.9.tgz 4160ms (cache miss)
1151 http fetch GET 200 https://registry.npmjs.org/array-buffer-byte-length/-/array-buffer-byte-length-1.0.2.tgz 4164ms (cache miss)
1152 http fetch GET 200 https://registry.npmjs.org/set-function-length/-/set-function-length-1.2.2.tgz 4163ms (cache miss)
1153 http fetch GET 200 https://registry.npmjs.org/framer-motion 4537ms (cache miss)
1154 http fetch GET 200 https://registry.npmjs.org/tapable/-/tapable-2.3.0.tgz 4215ms (cache miss)
1155 http fetch GET 200 https://registry.npmjs.org/es-to-primitive/-/es-to-primitive-1.3.0.tgz 4214ms (cache miss)
1156 http fetch GET 200 https://registry.npmjs.org/prop-types/-/prop-types-15.8.1.tgz 4190ms (cache miss)
1157 http fetch GET 200 https://registry.npmjs.org/set-proto/-/set-proto-1.0.0.tgz 4337ms (cache miss)
1158 http fetch GET 200 https://registry.npmjs.org/emoji-regex/-/emoji-regex-9.2.2.tgz 4280ms (cache miss)
1159 http fetch GET 200 https://registry.npmjs.org/flat-cache/-/flat-cache-4.0.1.tgz 4314ms (cache miss)
1160 http fetch GET 200 https://registry.npmjs.org/argparse/-/argparse-2.0.1.tgz 4200ms (cache miss)
1161 http fetch GET 200 https://registry.npmjs.org/is-weakset/-/is-weakset-2.0.4.tgz 4215ms (cache miss)
1162 http fetch GET 200 https://registry.npmjs.org/json-buffer/-/json-buffer-3.0.1.tgz 4212ms (cache miss)
1163 http fetch GET 200 https://registry.npmjs.org/es-object-atoms/-/es-object-atoms-1.1.1.tgz 4241ms (cache miss)
1164 http fetch GET 200 https://registry.npmjs.org/is-number-object/-/is-number-object-1.1.1.tgz 4213ms (cache miss)
1165 http fetch GET 200 https://registry.npmjs.org/braces/-/braces-3.0.3.tgz 4218ms (cache miss)
1166 http fetch GET 200 https://registry.npmjs.org/is-core-module/-/is-core-module-2.16.1.tgz 4217ms (cache miss)
1167 http fetch GET 200 https://registry.npmjs.org/array.prototype.findlast/-/array.prototype.findlast-1.2.5.tgz 4235ms (cache miss)
1168 http fetch GET 200 https://registry.npmjs.org/glob-parent/-/glob-parent-6.0.2.tgz 4240ms (cache miss)
1169 http fetch GET 200 https://registry.npmjs.org/get-symbol-description/-/get-symbol-description-1.1.0.tgz 4230ms (cache miss)
1170 http fetch GET 200 https://registry.npmjs.org/call-bind-apply-helpers/-/call-bind-apply-helpers-1.0.2.tgz 4248ms (cache miss)
1171 http fetch GET 200 https://registry.npmjs.org/ast-types-flow/-/ast-types-flow-0.0.8.tgz 4230ms (cache miss)
1172 http fetch GET 200 https://registry.npmjs.org/picomatch/-/picomatch-2.3.1.tgz 4266ms (cache miss)
1173 http fetch GET 200 https://registry.npmjs.org/ssf/-/ssf-0.11.2.tgz 4258ms (cache miss)
1174 http fetch GET 200 https://registry.npmjs.org/ignore/-/ignore-5.3.2.tgz 4262ms (cache miss)
1175 http fetch GET 200 https://registry.npmjs.org/dunder-proto/-/dunder-proto-1.0.1.tgz 4239ms (cache miss)
1176 http fetch GET 200 https://registry.npmjs.org/@humanwhocodes/module-importer/-/module-importer-1.0.1.tgz 4264ms (cache miss)
1177 http fetch GET 200 https://registry.npmjs.org/detect-libc/-/detect-libc-2.1.2.tgz 4251ms (cache miss)
1178 http fetch GET 200 https://registry.npmjs.org/call-bound/-/call-bound-1.0.4.tgz 4279ms (cache miss)
1179 http fetch GET 200 https://registry.npmjs.org/is-negative-zero/-/is-negative-zero-2.0.3.tgz 4359ms (cache miss)
1180 http fetch GET 200 https://registry.npmjs.org/is-callable/-/is-callable-1.2.7.tgz 4298ms (cache miss)
1181 http fetch GET 200 https://registry.npmjs.org/keyv/-/keyv-4.5.4.tgz 4299ms (cache miss)
1182 http fetch GET 200 https://registry.npmjs.org/regenerator-runtime/-/regenerator-runtime-0.13.11.tgz 4308ms (cache miss)
1183 http fetch GET 200 https://registry.npmjs.org/@humanwhocodes/retry/-/retry-0.4.3.tgz 4301ms (cache miss)
1184 http fetch GET 200 https://registry.npmjs.org/available-typed-arrays/-/available-typed-arrays-1.0.7.tgz 4296ms (cache miss)
1185 http fetch GET 200 https://registry.npmjs.org/eslint-scope/-/eslint-scope-8.4.0.tgz 4317ms (cache miss)
1186 http fetch GET 200 https://registry.npmjs.org/svg-pathdata/-/svg-pathdata-6.0.3.tgz 4321ms (cache miss)
1187 http fetch GET 200 https://registry.npmjs.org/undici-types/-/undici-types-6.21.0.tgz 4339ms (cache miss)
1188 http fetch GET 200 https://registry.npmjs.org/array.prototype.flatmap/-/array.prototype.flatmap-1.3.3.tgz 4295ms (cache miss)
1189 http fetch GET 200 https://registry.npmjs.org/fast-check/-/fast-check-3.23.2.tgz 4599ms (cache miss)
1190 http fetch GET 200 https://registry.npmjs.org/flatted/-/flatted-3.3.3.tgz 4315ms (cache miss)
1191 http fetch GET 200 https://registry.npmjs.org/lightningcss/-/lightningcss-1.30.2.tgz 4341ms (cache miss)
1192 http fetch GET 200 https://registry.npmjs.org/@types/trusted-types/-/trusted-types-2.0.7.tgz 4304ms (cache miss)
1193 http fetch GET 200 https://registry.npmjs.org/ts-api-utils/-/ts-api-utils-2.4.0.tgz 4385ms (cache miss)
1194 http fetch GET 200 https://registry.npmjs.org/@jridgewell/remapping/-/remapping-2.3.5.tgz 4368ms (cache miss)
1195 http fetch GET 200 https://registry.npmjs.org/get-tsconfig/-/get-tsconfig-4.13.0.tgz 4320ms (cache miss)
1196 http fetch GET 200 https://registry.npmjs.org/@jridgewell/sourcemap-codec/-/sourcemap-codec-1.5.5.tgz 4354ms (cache miss)
1197 http fetch GET 200 https://registry.npmjs.org/brace-expansion/-/brace-expansion-2.0.2.tgz 4317ms (cache miss)
1198 http fetch GET 200 https://registry.npmjs.org/escalade/-/escalade-3.2.0.tgz 4335ms (cache miss)
1199 http fetch GET 200 https://registry.npmjs.org/functions-have-names/-/functions-have-names-1.2.3.tgz 4457ms (cache miss)
1200 http fetch GET 200 https://registry.npmjs.org/which/-/which-2.0.2.tgz 4288ms (cache miss)
1201 http fetch GET 200 https://registry.npmjs.org/picomatch/-/picomatch-4.0.3.tgz 4382ms (cache miss)
1202 http fetch GET 200 https://registry.npmjs.org/chalk/-/chalk-4.1.2.tgz 4299ms (cache miss)
1203 http fetch GET 200 https://registry.npmjs.org/micromatch/-/micromatch-4.0.8.tgz 4314ms (cache miss)
1204 http fetch GET 200 https://registry.npmjs.org/esquery/-/esquery-1.7.0.tgz 4449ms (cache miss)
1205 http fetch GET 200 https://registry.npmjs.org/cfb/-/cfb-1.2.2.tgz 4445ms (cache miss)
1206 http fetch GET 200 https://registry.npmjs.org/@babel/helper-validator-identifier/-/helper-validator-identifier-7.28.5.tgz 4368ms (cache miss)
1207 http fetch GET 200 https://registry.npmjs.org/debug/-/debug-4.4.3.tgz 4381ms (cache miss)
1208 http fetch GET 200 https://registry.npmjs.org/@humanfs/node/-/node-0.16.7.tgz 4397ms (cache miss)
1209 http fetch GET 200 https://registry.npmjs.org/@babel/helper-string-parser/-/helper-string-parser-7.27.1.tgz 4418ms (cache miss)
1210 http fetch GET 200 https://registry.npmjs.org/magic-string/-/magic-string-0.30.21.tgz 4458ms (cache miss)
1211 http fetch GET 200 https://registry.npmjs.org/array.prototype.findlastindex/-/array.prototype.findlastindex-1.2.6.tgz 4450ms (cache miss)
1212 http fetch GET 200 https://registry.npmjs.org/@humanfs/core/-/core-0.19.1.tgz 4418ms (cache miss)
1213 http fetch GET 200 https://registry.npmjs.org/@jridgewell/trace-mapping/-/trace-mapping-0.3.31.tgz 4478ms (cache miss)
1214 http fetch GET 200 https://registry.npmjs.org/debug/-/debug-3.2.7.tgz 4431ms (cache miss)
1215 http fetch GET 200 https://registry.npmjs.org/debug/-/debug-3.2.7.tgz 4433ms (cache miss)
1216 http fetch GET 200 https://registry.npmjs.org/csstype/-/csstype-3.2.3.tgz 4464ms (cache miss)
1217 http fetch GET 200 https://registry.npmjs.org/eslint-import-resolver-typescript/-/eslint-import-resolver-typescript-3.10.1.tgz 4460ms (cache miss)
1218 http fetch GET 200 https://registry.npmjs.org/supports-color/-/supports-color-7.2.0.tgz 4465ms (cache miss)
1219 http fetch GET 200 https://registry.npmjs.org/@babel/helper-validator-option/-/helper-validator-option-7.27.1.tgz 4655ms (cache miss)
1220 http fetch GET 200 https://registry.npmjs.org/espree/-/espree-10.4.0.tgz 4512ms (cache miss)
1221 http fetch GET 200 https://registry.npmjs.org/eslint-visitor-keys/-/eslint-visitor-keys-3.4.3.tgz 4487ms (cache miss)
1222 http fetch GET 200 https://registry.npmjs.org/debug/-/debug-3.2.7.tgz 4516ms (cache miss)
1223 http fetch GET 200 https://registry.npmjs.org/@babel/code-frame/-/code-frame-7.27.1.tgz 4498ms (cache miss)
1224 http fetch GET 200 https://registry.npmjs.org/fdir/-/fdir-6.5.0.tgz 4543ms (cache miss)
1225 http fetch GET 200 https://registry.npmjs.org/@img/sharp-darwin-arm64/-/sharp-darwin-arm64-0.34.5.tgz 4936ms (cache miss)
1226 http fetch GET 200 https://registry.npmjs.org/napi-postinstall/-/napi-postinstall-0.3.4.tgz 4642ms (cache miss)
1227 http fetch GET 200 https://registry.npmjs.org/@babel/helper-module-imports/-/helper-module-imports-7.27.1.tgz 4552ms (cache miss)
1228 http fetch GET 200 https://registry.npmjs.org/@babel/helper-globals/-/helper-globals-7.28.0.tgz 4907ms (cache miss)
1229 http fetch GET 200 https://registry.npmjs.org/jsesc/-/jsesc-3.1.0.tgz 4648ms (cache miss)
1230 http fetch GET 200 https://registry.npmjs.org/@babel/template/-/template-7.27.2.tgz 4571ms (cache miss)
1231 http fetch GET 200 https://registry.npmjs.org/@babel/helper-compilation-targets/-/helper-compilation-targets-7.27.2.tgz 4602ms (cache miss)
1232 http fetch GET 200 https://registry.npmjs.org/json5/-/json5-2.2.3.tgz 4616ms (cache miss)
1233 http fetch GET 200 https://registry.npmjs.org/browserslist/-/browserslist-4.28.1.tgz 4586ms (cache miss)
1234 http fetch GET 200 https://registry.npmjs.org/effect/-/effect-3.18.4.tgz 5741ms (cache miss)
1235 http fetch GET 200 https://registry.npmjs.org/@types/react-dom/-/react-dom-19.2.3.tgz 4787ms (cache miss)
1236 http fetch GET 200 https://registry.npmjs.org/globals/-/globals-14.0.0.tgz 4864ms (cache miss)
1237 http fetch GET 200 https://registry.npmjs.org/nanoid/-/nanoid-3.3.11.tgz 4758ms (cache miss)
1238 http fetch GET 200 https://registry.npmjs.org/@babel/compat-data/-/compat-data-7.28.5.tgz 4850ms (cache miss)
1239 http fetch GET 200 https://registry.npmjs.org/bcryptjs/-/bcryptjs-3.0.3.tgz 4804ms (cache miss)
1240 http fetch GET 200 https://registry.npmjs.org/@babel/helper-module-transforms/-/helper-module-transforms-7.28.3.tgz 4771ms (cache miss)
1241 http fetch GET 200 https://registry.npmjs.org/json5/-/json5-1.0.2.tgz 4716ms (cache miss)
1242 http fetch GET 200 https://registry.npmjs.org/string.prototype.includes/-/string.prototype.includes-2.0.1.tgz 4695ms (cache miss)
1243 http fetch GET 200 https://registry.npmjs.org/lru-cache/-/lru-cache-5.1.1.tgz 4706ms (cache miss)
1244 http fetch GET 200 https://registry.npmjs.org/dompurify/-/dompurify-3.3.1.tgz 4855ms (cache miss)
1245 http fetch GET 200 https://registry.npmjs.org/semver/-/semver-6.3.1.tgz 4864ms (cache miss)
1246 http fetch GET 200 https://registry.npmjs.org/baseline-browser-mapping/-/baseline-browser-mapping-2.9.14.tgz 4800ms (cache miss)
1247 http fetch GET 200 https://registry.npmjs.org/reusify/-/reusify-1.1.0.tgz 4717ms (cache miss)
1248 http fetch GET 200 https://registry.npmjs.org/semver/-/semver-7.7.3.tgz 4795ms (cache miss)
1249 http fetch GET 200 https://registry.npmjs.org/postcss/-/postcss-8.4.31.tgz 4807ms (cache miss)
1250 http fetch GET 200 https://registry.npmjs.org/semver/-/semver-7.7.3.tgz 4820ms (cache miss)
1251 http fetch GET 200 https://registry.npmjs.org/postcss/-/postcss-8.5.6.tgz 4856ms (cache miss)
1252 http fetch GET 200 https://registry.npmjs.org/minimatch/-/minimatch-3.1.2.tgz 4838ms (cache miss)
1253 http fetch GET 200 https://registry.npmjs.org/json-schema-traverse/-/json-schema-traverse-0.4.1.tgz 4849ms (cache miss)
1254 http fetch GET 200 https://registry.npmjs.org/has-tostringtag/-/has-tostringtag-1.0.2.tgz 4856ms (cache miss)
1255 http fetch GET 200 https://registry.npmjs.org/sharp/-/sharp-0.34.5.tgz 5149ms (cache miss)
1256 http fetch GET 200 https://registry.npmjs.org/@typescript-eslint/tsconfig-utils/-/tsconfig-utils-8.52.0.tgz 5056ms (cache miss)
1257 http fetch GET 200 https://registry.npmjs.org/@typescript-eslint/project-service/-/project-service-8.52.0.tgz 5031ms (cache miss)
1258 http fetch GET 200 https://registry.npmjs.org/acorn/-/acorn-8.15.0.tgz 5122ms (cache miss)
1259 http fetch GET 200 https://registry.npmjs.org/has-symbols/-/has-symbols-1.1.0.tgz 5086ms (cache miss)
1260 http fetch GET 200 https://registry.npmjs.org/language-subtag-registry/-/language-subtag-registry-0.3.23.tgz 5117ms (cache miss)
1261 http fetch GET 200 https://registry.npmjs.org/fflate/-/fflate-0.8.2.tgz 5640ms (cache miss)
1262 http fetch GET 200 https://registry.npmjs.org/semver/-/semver-7.7.3.tgz 5161ms (cache miss)
1263 http fetch GET 200 https://registry.npmjs.org/hermes-estree/-/hermes-estree-0.25.1.tgz 5157ms (cache miss)
1264 http fetch GET 200 https://registry.npmjs.org/base64-arraybuffer/-/base64-arraybuffer-1.0.2.tgz 5163ms (cache miss)
1265 http fetch GET 200 https://registry.npmjs.org/text-segmentation/-/text-segmentation-1.0.3.tgz 5241ms (cache miss)
1266 http fetch GET 200 https://registry.npmjs.org/object-inspect/-/object-inspect-1.13.4.tgz 5213ms (cache miss)
1267 http fetch GET 200 https://registry.npmjs.org/cross-spawn/-/cross-spawn-7.0.6.tgz 5211ms (cache miss)
1268 http fetch GET 200 https://registry.npmjs.org/node-releases/-/node-releases-2.0.27.tgz 5212ms (cache miss)
1269 http fetch GET 200 https://registry.npmjs.org/es-iterator-helpers/-/es-iterator-helpers-1.2.2.tgz 5251ms (cache miss)
1270 http fetch GET 200 https://registry.npmjs.org/@typescript-eslint%2feslint-plugin 7406ms (cache miss)
1271 http fetch GET 200 https://registry.npmjs.org/fast-png/-/fast-png-6.4.0.tgz 5384ms (cache miss)
1272 http fetch GET 200 https://registry.npmjs.org/jiti/-/jiti-2.6.1.tgz 5460ms (cache miss)
1273 http fetch GET 200 https://registry.npmjs.org/performance-now/-/performance-now-2.1.0.tgz 5510ms (cache miss)
1274 http fetch GET 200 https://registry.npmjs.org/enhanced-resolve/-/enhanced-resolve-5.18.4.tgz 5532ms (cache miss)
1275 http fetch GET 200 https://registry.npmjs.org/ky/-/ky-1.14.2.tgz 5529ms (cache miss)
1276 http fetch GET 200 https://registry.npmjs.org/utrie/-/utrie-1.0.2.tgz 5634ms (cache miss)
1277 http fetch GET 200 https://registry.npmjs.org/styled-jsx/-/styled-jsx-5.1.6.tgz 5569ms (cache miss)
1278 http fetch GET 200 https://registry.npmjs.org/css-line-break/-/css-line-break-2.1.0.tgz 5560ms (cache miss)
1279 http fetch GET 200 https://registry.npmjs.org/@tailwindcss/postcss/-/postcss-4.1.18.tgz 5613ms (cache miss)
1280 http fetch GET 200 https://registry.npmjs.org/@tailwindcss/node/-/node-4.1.18.tgz 5709ms (cache miss)
1281 http fetch GET 200 https://registry.npmjs.org/pako/-/pako-2.1.0.tgz 5872ms (cache miss)
1282 http fetch GET 200 https://registry.npmjs.org/xlsx/-/xlsx-0.18.5.tgz 6063ms (cache miss)
1283 http fetch GET 200 https://registry.npmjs.org/@jridgewell/resolve-uri/-/resolve-uri-3.1.2.tgz 5770ms (cache miss)
1284 http fetch GET 200 https://registry.npmjs.org/crc-32/-/crc-32-1.2.2.tgz 6197ms (cache miss)
1285 http fetch GET 200 https://registry.npmjs.org/eslint-plugin-import/-/eslint-plugin-import-2.32.0.tgz 5862ms (cache miss)
1286 http fetch GET 200 https://registry.npmjs.org/typescript-eslint/-/typescript-eslint-8.52.0.tgz 5692ms (cache miss)
1287 http fetch GET 200 https://registry.npmjs.org/@swc/helpers/-/helpers-0.5.15.tgz 5867ms (cache miss)
1288 http fetch GET 200 https://registry.npmjs.org/eslint-plugin-react/-/eslint-plugin-react-7.37.5.tgz 5877ms (cache miss)
1289 http fetch GET 200 https://registry.npmjs.org/@jridgewell/gen-mapping/-/gen-mapping-0.3.13.tgz 5781ms (cache miss)
1290 http fetch GET 200 https://registry.npmjs.org/@types/react/-/react-19.2.8.tgz 5987ms (cache miss)
1291 http fetch GET 200 https://registry.npmjs.org/ajv/-/ajv-6.12.6.tgz 6174ms (cache miss)
1292 http fetch GET 200 https://registry.npmjs.org/caniuse-lite/-/caniuse-lite-1.0.30001764.tgz 6030ms (cache miss)
1293 http fetch GET 200 https://registry.npmjs.org/@eslint/js/-/js-9.39.2.tgz 5973ms (cache miss)
1294 http fetch GET 200 https://registry.npmjs.org/tailwind-merge/-/tailwind-merge-3.4.0.tgz 6068ms (cache miss)
1295 http fetch GET 200 https://registry.npmjs.org/jspdf/-/jspdf-4.0.0.tgz 7270ms (cache miss)
1296 http fetch GET 200 https://registry.npmjs.org/react-is/-/react-is-16.13.1.tgz 5980ms (cache miss)
1297 http fetch GET 200 https://registry.npmjs.org/scheduler/-/scheduler-0.27.0.tgz 6005ms (cache miss)
1298 http fetch GET 200 https://registry.npmjs.org/@eslint/eslintrc/-/eslintrc-3.3.3.tgz 6179ms (cache miss)
1299 http fetch GET 200 https://registry.npmjs.org/electron-to-chromium/-/electron-to-chromium-1.5.267.tgz 5997ms (cache miss)
1300 http fetch GET 200 https://registry.npmjs.org/@eslint/plugin-kit/-/plugin-kit-0.4.1.tgz 6018ms (cache miss)
1301 http fetch GET 200 https://registry.npmjs.org/@babel/parser/-/parser-7.28.5.tgz 6520ms (cache miss)
1302 http fetch GET 200 https://registry.npmjs.org/@babel/runtime/-/runtime-7.28.4.tgz 6161ms (cache miss)
1303 http fetch GET 200 https://registry.npmjs.org/eslint-config-next/-/eslint-config-next-16.1.1.tgz 5964ms (cache miss)
1304 http fetch GET 200 https://registry.npmjs.org/@prisma/client/-/client-6.19.2.tgz 10581ms (cache miss)
1305 http fetch GET 200 https://registry.npmjs.org/react/-/react-19.2.3.tgz 6045ms (cache miss)
1306 http fetch GET 200 https://registry.npmjs.org/@tailwindcss/oxide/-/oxide-4.1.18.tgz 6271ms (cache miss)
1307 http fetch GET 200 https://registry.npmjs.org/@babel/generator/-/generator-7.28.5.tgz 6049ms (cache miss)
1308 http fetch GET 200 https://registry.npmjs.org/@types/node/-/node-20.19.28.tgz 6244ms (cache miss)
1309 http fetch GET 200 https://registry.npmjs.org/@babel/helpers/-/helpers-7.28.4.tgz 6227ms (cache miss)
1310 http fetch GET 200 https://registry.npmjs.org/@eslint/config-helpers/-/config-helpers-0.4.2.tgz 5938ms (cache miss)
1311 http fetch GET 200 https://registry.npmjs.org/@eslint/object-schema/-/object-schema-2.1.7.tgz 5939ms (cache miss)
1312 http fetch GET 200 https://registry.npmjs.org/js-yaml/-/js-yaml-4.1.1.tgz 5988ms (cache miss)
1313 http fetch GET 200 https://registry.npmjs.org/@eslint/core/-/core-0.17.0.tgz 5899ms (cache miss)
1314 http fetch GET 200 https://registry.npmjs.org/@tailwindcss/oxide-darwin-arm64/-/oxide-darwin-arm64-4.1.18.tgz 6506ms (cache miss)
1315 http fetch GET 200 https://registry.npmjs.org/minimatch/-/minimatch-9.0.5.tgz 6042ms (cache miss)
1316 http fetch GET 200 https://registry.npmjs.org/es-abstract/-/es-abstract-1.24.1.tgz 6596ms (cache miss)
1317 http fetch GET 200 https://registry.npmjs.org/tsconfig-paths/-/tsconfig-paths-3.15.0.tgz 5822ms (cache miss)
1318 http fetch GET 200 https://registry.npmjs.org/jsx-ast-utils/-/jsx-ast-utils-3.3.5.tgz 5844ms (cache miss)
1319 http fetch GET 200 https://registry.npmjs.org/axobject-query/-/axobject-query-4.1.0.tgz 5796ms (cache miss)
1320 http fetch GET 200 https://registry.npmjs.org/@typescript-eslint/visitor-keys/-/visitor-keys-8.52.0.tgz 5883ms (cache miss)
1321 http fetch GET 200 https://registry.npmjs.org/tailwindcss/-/tailwindcss-4.1.18.tgz 6005ms (cache miss)
1322 http fetch GET 200 https://registry.npmjs.org/hermes-parser/-/hermes-parser-0.25.1.tgz 6831ms (cache miss)
1323 http fetch GET 200 https://registry.npmjs.org/@next/env/-/env-16.1.1.tgz 6344ms (cache miss)
1324 http fetch GET 200 https://registry.npmjs.org/axe-core/-/axe-core-4.11.1.tgz 6094ms (cache miss)
1325 http fetch GET 200 https://registry.npmjs.org/uri-js/-/uri-js-4.4.1.tgz 5920ms (cache miss)
1326 http fetch GET 200 https://registry.npmjs.org/eslint-plugin-react-hooks/-/eslint-plugin-react-hooks-7.0.1.tgz 6193ms (cache miss)
1327 http fetch GET 200 https://registry.npmjs.org/@typescript-eslint/parser/-/parser-8.52.0.tgz 5907ms (cache miss)
1328 http fetch GET 200 https://registry.npmjs.org/google-spreadsheet/-/google-spreadsheet-5.0.2.tgz 5873ms (cache miss)
1329 http fetch GET 200 https://registry.npmjs.org/codepage/-/codepage-1.15.0.tgz 7585ms (cache miss)
1330 http fetch GET 200 https://registry.npmjs.org/canvg/-/canvg-3.0.11.tgz 6788ms (cache miss)
1331 http fetch GET 200 https://registry.npmjs.org/@typescript-eslint/type-utils/-/type-utils-8.52.0.tgz 5853ms (cache miss)
1332 http fetch GET 200 https://registry.npmjs.org/@typescript-eslint/typescript-estree/-/typescript-estree-8.52.0.tgz 5924ms (cache miss)
1333 http fetch GET 200 https://registry.npmjs.org/@babel/traverse/-/traverse-7.28.5.tgz 5945ms (cache miss)
1334 http fetch GET 200 https://registry.npmjs.org/@typescript-eslint/scope-manager/-/scope-manager-8.52.0.tgz 6201ms (cache miss)
1335 http fetch GET 200 https://registry.npmjs.org/@typescript-eslint/utils/-/utils-8.52.0.tgz 5455ms (cache miss)
1336 http fetch GET 200 https://registry.npmjs.org/@eslint/config-array/-/config-array-0.21.1.tgz 6216ms (cache miss)
1337 http fetch GET 200 https://registry.npmjs.org/test-exclude 4936ms (cache miss)
1338 http fetch GET 200 https://registry.npmjs.org/eslint-plugin-jsx-a11y/-/eslint-plugin-jsx-a11y-6.10.2.tgz 5771ms (cache miss)
1339 http fetch GET 200 https://registry.npmjs.org/motion-utils/-/motion-utils-12.24.10.tgz 5592ms (cache miss)
1340 http fetch GET 200 https://registry.npmjs.org/eslint 5009ms (cache miss)
1341 http fetch GET 200 https://registry.npmjs.org/@next/eslint-plugin-next/-/eslint-plugin-next-16.1.1.tgz 5552ms (cache miss)
1342 http fetch GET 200 https://registry.npmjs.org/aria-query/-/aria-query-5.3.2.tgz 5587ms (cache miss)
1343 http fetch GET 200 https://registry.npmjs.org/@typescript-eslint/types/-/types-8.52.0.tgz 5708ms (cache miss)
1344 http fetch GET 200 https://registry.npmjs.org/@babel/core/-/core-7.28.5.tgz 5913ms (cache miss)
1345 http fetch GET 200 https://registry.npmjs.org/glob 5260ms (cache miss)
1346 http fetch GET 200 https://registry.npmjs.org/@babel/types/-/types-7.28.5.tgz 6172ms (cache miss)
1347 http fetch GET 200 https://registry.npmjs.org/motion-dom/-/motion-dom-12.24.11.tgz 5982ms (cache miss)
1348 http fetch GET 200 https://registry.npmjs.org/react-dom/-/react-dom-19.2.3.tgz 7410ms (cache miss)
1349 http fetch GET 200 https://registry.npmjs.org/eslint/-/eslint-9.39.2.tgz 5631ms (cache miss)
1350 http fetch GET 200 https://registry.npmjs.org/html2canvas/-/html2canvas-1.4.1.tgz 5440ms (cache miss)
1351 http fetch GET 200 https://registry.npmjs.org/zod/-/zod-4.3.5.tgz 6518ms (cache miss)
1352 http fetch GET 200 https://registry.npmjs.org/@typescript-eslint/eslint-plugin/-/eslint-plugin-8.52.0.tgz 2968ms (cache miss)
1353 http fetch GET 200 https://registry.npmjs.org/framer-motion/-/framer-motion-12.25.0.tgz 5085ms (cache miss)
1354 http fetch GET 200 https://registry.npmjs.org/@img/sharp-libvips-darwin-arm64/-/sharp-libvips-darwin-arm64-1.2.4.tgz 7773ms (cache miss)
1355 http fetch GET 200 https://registry.npmjs.org/es-toolkit/-/es-toolkit-1.43.0.tgz 7407ms (cache miss)
1356 http fetch GET 200 https://registry.npmjs.org/core-js/-/core-js-3.47.0.tgz 8026ms (cache miss)
1357 http fetch GET 200 https://registry.npmjs.org/lightningcss-darwin-arm64/-/lightningcss-darwin-arm64-1.30.2.tgz 10620ms (cache miss)
1358 http fetch GET 200 https://registry.npmjs.org/lucide-react/-/lucide-react-0.562.0.tgz 7682ms (cache miss)
1359 http fetch GET 200 https://registry.npmjs.org/@next/swc-darwin-arm64/-/swc-darwin-arm64-16.1.1.tgz 11724ms (cache miss)
1360 verbose stack Error: EPERM: operation not permitted, lstat '/Users/kousei/antigravity/test1/tournament-manager/node_modules/prisma/build'
1361 verbose cwd /Users/kousei/antigravity/test1/tournament-manager/_prisma_temp
1362 verbose Darwin 23.5.0
1363 verbose node v20.14.0
1364 verbose npm  v10.7.0
1365 error code EPERM
1366 error syscall lstat
1367 error path /Users/kousei/antigravity/test1/tournament-manager/node_modules/prisma/build
1368 error errno -1
1369 error [Error: EPERM: operation not permitted, lstat '/Users/kousei/antigravity/test1/tournament-manager/node_modules/prisma/build'] {
1369 error   errno: -1,
1369 error   code: 'EPERM',
1369 error   syscall: 'lstat',
1369 error   path: '/Users/kousei/antigravity/test1/tournament-manager/node_modules/prisma/build'
1369 error }
1370 error
1370 error The operation was rejected by your operating system.
1370 error It is likely you do not have the permissions to access this file as the current user
1370 error
1370 error If you believe this might be a permissions issue, please double-check the
1370 error permissions of the file and its containing directories, or try running
1370 error the command again as root/Administrator.
1371 verbose exit -1
1372 verbose code -1
1373 silly unfinished npm timer reify 1772140806049
1374 silly unfinished npm timer reify:unpack 1772140807562
1375 silly unfinished npm timer reifyNode:node_modules/prisma 1772140807562
1376 silly unfinished npm timer reifyNode:node_modules/yargs-parser 1772140807562
1377 silly unfinished npm timer reifyNode:node_modules/yargs 1772140807562
1378 silly unfinished npm timer reifyNode:node_modules/y18n 1772140807562
1379 silly unfinished npm timer reifyNode:node_modules/resolve 1772140807562
1380 silly unfinished npm timer reifyNode:node_modules/pretty-format 1772140807562
1381 silly unfinished npm timer reifyNode:node_modules/next 1772140807563
1382 silly unfinished npm timer reifyNode:node_modules/lines-and-columns 1772140807563
1383 silly unfinished npm timer reifyNode:node_modules/jest-worker 1772140807563
1384 silly unfinished npm timer reifyNode:node_modules/jest-watcher 1772140807563
1385 silly unfinished npm timer reifyNode:node_modules/jest-validate 1772140807563
1386 silly unfinished npm timer reifyNode:node_modules/jest-validate/node_modules/pretty-format 1772140807563
1387 silly unfinished npm timer reifyNode:node_modules/jest-util 1772140807563
1388 silly unfinished npm timer reifyNode:node_modules/jest-snapshot 1772140807563
1389 silly unfinished npm timer reifyNode:node_modules/jest-snapshot/node_modules/pretty-format 1772140807563
1390 silly unfinished npm timer reifyNode:node_modules/jest-runtime 1772140807563
1391 silly unfinished npm timer reifyNode:node_modules/jest-runner 1772140807563
1392 silly unfinished npm timer reifyNode:node_modules/jest-resolve-dependencies 1772140807563
1393 silly unfinished npm timer reifyNode:node_modules/jest-resolve 1772140807563
1394 silly unfinished npm timer reifyNode:node_modules/jest-regex-util 1772140807563
1395 silly unfinished npm timer reifyNode:node_modules/jest-mock 1772140807563
1396 silly unfinished npm timer reifyNode:node_modules/jest-message-util 1772140807563
1397 silly unfinished npm timer reifyNode:node_modules/jest-message-util/node_modules/pretty-format 1772140807563
1398 silly unfinished npm timer reifyNode:node_modules/jest-matcher-utils 1772140807563
1399 silly unfinished npm timer reifyNode:node_modules/jest-matcher-utils/node_modules/pretty-format 1772140807563
1400 silly unfinished npm timer reifyNode:node_modules/jest-leak-detector 1772140807563
1401 silly unfinished npm timer reifyNode:node_modules/jest-leak-detector/node_modules/pretty-format 1772140807563
1402 silly unfinished npm timer reifyNode:node_modules/jest-haste-map 1772140807563
1403 silly unfinished npm timer reifyNode:node_modules/jest-get-type 1772140807563
1404 silly unfinished npm timer reifyNode:node_modules/jest-environment-node 1772140807563
1405 silly unfinished npm timer reifyNode:node_modules/jest-environment-jsdom 1772140807563
1406 silly unfinished npm timer reifyNode:node_modules/jest-each 1772140807563
1407 silly unfinished npm timer reifyNode:node_modules/jest-each/node_modules/pretty-format 1772140807563
1408 silly unfinished npm timer reifyNode:node_modules/jest-docblock 1772140807563
1409 silly unfinished npm timer reifyNode:node_modules/jest-diff 1772140807563
1410 silly unfinished npm timer reifyNode:node_modules/jest-diff/node_modules/pretty-format 1772140807563
1411 silly unfinished npm timer reifyNode:node_modules/jest-cli 1772140807563
1412 silly unfinished npm timer reifyNode:node_modules/jest-cli/node_modules/pretty-format 1772140807563
1413 silly unfinished npm timer reifyNode:node_modules/jest-cli/node_modules/jest-config 1772140807563
1414 silly unfinished npm timer reifyNode:node_modules/jest-circus 1772140807563
1415 silly unfinished npm timer reifyNode:node_modules/jest-circus/node_modules/pretty-format 1772140807563
1416 silly unfinished npm timer reifyNode:node_modules/jest-changed-files 1772140807563
1417 silly unfinished npm timer reifyNode:node_modules/jest 1772140807563
1418 silly unfinished npm timer reifyNode:node_modules/human-signals 1772140807563
1419 silly unfinished npm timer reifyNode:node_modules/fast-glob 1772140807564
1420 silly unfinished npm timer reifyNode:node_modules/expect 1772140807564
1421 silly unfinished npm timer reifyNode:node_modules/eslint-plugin-react/node_modules/resolve 1772140807564
1422 silly unfinished npm timer reifyNode:node_modules/diff-sequences 1772140807564
1423 silly unfinished npm timer reifyNode:node_modules/create-jest 1772140807564
1424 silly unfinished npm timer reifyNode:node_modules/create-jest/node_modules/pretty-format 1772140807564
1425 silly unfinished npm timer reifyNode:node_modules/create-jest/node_modules/jest-config 1772140807564
1426 silly unfinished npm timer reifyNode:node_modules/cliui 1772140807564
1427 silly unfinished npm timer reifyNode:node_modules/babel-plugin-jest-hoist 1772140807564
1428 silly unfinished npm timer reifyNode:node_modules/babel-jest 1772140807564
1429 silly unfinished npm timer reifyNode:node_modules/@types/jest/node_modules/pretty-format 1772140807564
1430 silly unfinished npm timer reifyNode:node_modules/@nodelib/fs.walk 1772140807564
1431 silly unfinished npm timer reifyNode:node_modules/@nodelib/fs.stat 1772140807564
1432 silly unfinished npm timer reifyNode:node_modules/@nodelib/fs.scandir 1772140807564
1433 silly unfinished npm timer reifyNode:node_modules/@jest/types 1772140807564
1434 silly unfinished npm timer reifyNode:node_modules/@jest/transform 1772140807564
1435 silly unfinished npm timer reifyNode:node_modules/@jest/test-sequencer 1772140807564
1436 silly unfinished npm timer reifyNode:node_modules/@jest/test-result 1772140807564
1437 silly unfinished npm timer reifyNode:node_modules/@jest/source-map 1772140807564
1438 silly unfinished npm timer reifyNode:node_modules/@jest/schemas 1772140807564
1439 silly unfinished npm timer reifyNode:node_modules/@jest/reporters 1772140807564
1440 silly unfinished npm timer reifyNode:node_modules/@jest/globals 1772140807564
1441 silly unfinished npm timer reifyNode:node_modules/@jest/fake-timers 1772140807564
1442 silly unfinished npm timer reifyNode:node_modules/@jest/expect-utils 1772140807564
1443 silly unfinished npm timer reifyNode:node_modules/@jest/expect 1772140807564
1444 silly unfinished npm timer reifyNode:node_modules/@jest/environment 1772140807564
1445 silly unfinished npm timer reifyNode:node_modules/@jest/core 1772140807564
1446 silly unfinished npm timer reifyNode:node_modules/@jest/core/node_modules/pretty-format 1772140807565
1447 silly unfinished npm timer reifyNode:node_modules/@jest/core/node_modules/jest-config 1772140807565
1448 silly unfinished npm timer reifyNode:node_modules/@jest/console 1772140807565
1449 error A complete log of this run can be found in: /Users/kousei/antigravity/test1/tournament-manager/_prisma_temp/_npmcache/_logs/2026-02-26T21_20_05_896Z-debug-0.log
